window_id,blocks_range,window_size,drift_type,real_pseudo,drift_ratio,accuracy,ad_start,ad_end,fixed_mean_avg_FTDS_scaled_in_window,fixed_real_ratio_in_window,fixed_final_drift_for_window,matched_fixed_rows,Fixed threhold prediction,ground_truth,adaptive_prediction,TP1,FP1,TN1,FN1,block_group,TP,FP,TN,FN
1,0-2,3,PSEUDO_DRIFT,0/3,0.0,0.7279999852180481,0,2,0.0004645872626018,0.0,PSEUDO_DRIFT,1,PSEUDO_DRIFT,PSEUDO_DRIFT,PSEUDO_DRIFT,0,0,1,0,0,0,0,1,0
2,3-5,3,PSEUDO_DRIFT,0/3,0.0,0.6840000152587891,3,5,0.0005396915640761,0.0,PSEUDO_DRIFT,2,PSEUDO_DRIFT,PSEUDO_DRIFT,PSEUDO_DRIFT,0,0,1,0,0,0,0,1,0
3,6-8,3,PSEUDO_DRIFT,0/3,0.0,0.699999988079071,6,8,0.0006899001670245,0.0,PSEUDO_DRIFT,1,PSEUDO_DRIFT,PSEUDO_DRIFT,PSEUDO_DRIFT,0,0,1,0,0,0,0,1,0
4,9-11,3,PSEUDO_DRIFT,0/3,0.0,0.6759999990463257,9,11,0.0005673591341179,0.0,PSEUDO_DRIFT,2,PSEUDO_DRIFT,PSEUDO_DRIFT,PSEUDO_DRIFT,0,0,1,0,0,0,0,1,0
5,12-14,3,PSEUDO_DRIFT,0/3,0.0,0.7080000042915344,12,14,0.0005060886176647,0.0,PSEUDO_DRIFT,1,PSEUDO_DRIFT,PSEUDO_DRIFT,PSEUDO_DRIFT,0,0,1,0,0,0,0,1,0
6,15-18,4,PSEUDO_DRIFT,0/4,0.0,0.699999988079071,15,18,0.0003641959862413,0.0,PSEUDO_DRIFT,1,PSEUDO_DRIFT,PSEUDO_DRIFT,PSEUDO_DRIFT,0,0,1,0,5,0,0,1,0
7,19-22,4,PSEUDO_DRIFT,0/4,0.0,0.6359999775886536,19,22,0.0007483548712602,0.0,PSEUDO_DRIFT,2,PSEUDO_DRIFT,PSEUDO_DRIFT,PSEUDO_DRIFT,0,0,1,0,5,0,0,1,0
8,23-26,4,PSEUDO_DRIFT,0/4,0.0,0.7120000123977661,23,26,0.0007354247010152,0.0,PSEUDO_DRIFT,2,PSEUDO_DRIFT,PSEUDO_DRIFT,PSEUDO_DRIFT,0,0,1,0,5,0,0,1,0
9,27-30,4,PSEUDO_DRIFT,0/4,0.0,0.6520000100135803,27,30,0.0007199342846332,0.0,PSEUDO_DRIFT,2,PSEUDO_DRIFT,PSEUDO_DRIFT,PSEUDO_DRIFT,0,0,1,0,5,0,0,1,0
10,31-34,4,PSEUDO_DRIFT,0/4,0.0,0.699999988079071,31,34,0.0010964124312415,0.0,PSEUDO_DRIFT,1,PSEUDO_DRIFT,PSEUDO_DRIFT,PSEUDO_DRIFT,0,0,1,0,5,0,0,1,0
11,35-39,5,PSEUDO_DRIFT,0/5,0.0,0.6679999828338623,35,39,0.0004951284272551,0.0,PSEUDO_DRIFT,1,PSEUDO_DRIFT,PSEUDO_DRIFT,PSEUDO_DRIFT,0,0,1,0,10,0,0,1,0
12,40-44,5,PSEUDO_DRIFT,0/5,0.0,0.6679999828338623,40,44,0.0002866632104521,0.0,PSEUDO_DRIFT,1,PSEUDO_DRIFT,PSEUDO_DRIFT,PSEUDO_DRIFT,0,0,1,0,10,0,0,1,0
13,45-49,5,PSEUDO_DRIFT,0/5,0.0,0.6439999938011169,45,49,0.0006966374721733,0.0,PSEUDO_DRIFT,1,PSEUDO_DRIFT,PSEUDO_DRIFT,PSEUDO_DRIFT,0,0,1,0,10,0,0,1,0
14,50-54,5,PSEUDO_DRIFT,0/5,0.0,0.6880000233650208,50,54,0.0005463916616734,0.0,PSEUDO_DRIFT,1,PSEUDO_DRIFT,PSEUDO_DRIFT,PSEUDO_DRIFT,0,0,1,0,10,0,0,1,0
15,55-59,5,PSEUDO_DRIFT,0/5,0.0,0.671999990940094,55,59,0.0005084883099959,0.0,PSEUDO_DRIFT,1,PSEUDO_DRIFT,PSEUDO_DRIFT,PSEUDO_DRIFT,0,0,1,0,10,0,0,1,0
16,60-65,6,PSEUDO_DRIFT,0/6,0.0,0.6840000152587891,60,65,0.0008451159697906,0.0,PSEUDO_DRIFT,2,PSEUDO_DRIFT,PSEUDO_DRIFT,PSEUDO_DRIFT,0,0,1,0,15,0,0,1,0
17,66-71,6,PSEUDO_DRIFT,0/6,0.0,0.6919999718666077,66,71,0.0007749640793763,0.0,PSEUDO_DRIFT,2,PSEUDO_DRIFT,PSEUDO_DRIFT,PSEUDO_DRIFT,0,0,1,0,15,0,0,1,0
18,72-77,6,PSEUDO_DRIFT,0/6,0.0,0.7279999852180481,72,77,0.0006385142510509,0.0,PSEUDO_DRIFT,2,PSEUDO_DRIFT,PSEUDO_DRIFT,PSEUDO_DRIFT,0,0,1,0,15,0,0,1,0
19,78-83,6,PSEUDO_DRIFT,0/6,0.0,0.6520000100135803,78,83,0.000609224768319,0.0,PSEUDO_DRIFT,2,PSEUDO_DRIFT,PSEUDO_DRIFT,PSEUDO_DRIFT,0,0,1,0,15,0,0,1,0
20,84-89,6,PSEUDO_DRIFT,0/6,0.0,0.6880000233650208,84,89,0.0006471667093123,0.0,PSEUDO_DRIFT,2,PSEUDO_DRIFT,PSEUDO_DRIFT,PSEUDO_DRIFT,0,0,1,0,15,0,0,1,0
21,90-96,7,PSEUDO_DRIFT,0/7,0.0,0.1560000032186508,90,96,0.0005780729803338,0.0,PSEUDO_DRIFT,2,PSEUDO_DRIFT,REAL_DRIFT,PSEUDO_DRIFT,0,0,0,1,20,0,0,0,1
22,97-103,7,REAL_DRIFT,4/3,0.5714285714285714,0.2000000029802322,97,103,0.3002165525226184,0.5,PSEUDO_DRIFT,2,PSEUDO_DRIFT,REAL_DRIFT,REAL_DRIFT,0,0,0,1,20,1,0,0,0
23,104-110,7,REAL_DRIFT,7/0,1.0,0.2360000014305114,104,110,0.4973281014625618,1.0,REAL_DRIFT,3,REAL_DRIFT,REAL_DRIFT,REAL_DRIFT,1,0,0,0,20,1,0,0,0
24,111-117,7,REAL_DRIFT,7/0,1.0,0.1679999977350235,111,117,0.5046445515470601,1.0,REAL_DRIFT,2,REAL_DRIFT,REAL_DRIFT,REAL_DRIFT,1,0,0,0,20,1,0,0,0
25,118-124,7,REAL_DRIFT,7/0,1.0,0.1840000003576278,118,124,0.5099886338907769,1.0,REAL_DRIFT,2,REAL_DRIFT,REAL_DRIFT,REAL_DRIFT,1,0,0,0,20,1,0,0,0
26,125-131,7,REAL_DRIFT,7/0,1.0,0.164000004529953,125,131,0.5099666858698824,1.0,REAL_DRIFT,2,REAL_DRIFT,REAL_DRIFT,REAL_DRIFT,1,0,0,0,25,1,0,0,0
27,132-137,6,REAL_DRIFT,6/0,1.0,0.1720000058412552,132,137,0.5021224159496694,1.0,REAL_DRIFT,2,REAL_DRIFT,REAL_DRIFT,REAL_DRIFT,1,0,0,0,25,1,0,0,0
28,138-143,6,REAL_DRIFT,6/0,1.0,0.123999997973442,138,143,0.5066082519244581,1.0,REAL_DRIFT,2,REAL_DRIFT,REAL_DRIFT,REAL_DRIFT,1,0,0,0,25,1,0,0,0
29,144-149,6,REAL_DRIFT,6/0,1.0,0.1720000058412552,144,149,0.5168426733577237,1.0,REAL_DRIFT,2,REAL_DRIFT,REAL_DRIFT,REAL_DRIFT,1,0,0,0,25,1,0,0,0
30,150-155,6,REAL_DRIFT,6/0,1.0,0.1879999935626983,150,155,0.5104043681252391,1.0,REAL_DRIFT,2,REAL_DRIFT,REAL_DRIFT,REAL_DRIFT,1,0,0,0,25,1,0,0,0
31,156-161,6,REAL_DRIFT,6/0,1.0,0.2039999961853027,156,161,0.5111734058559633,1.0,REAL_DRIFT,2,REAL_DRIFT,REAL_DRIFT,REAL_DRIFT,1,0,0,0,30,1,0,0,0
32,162-166,5,REAL_DRIFT,5/0,1.0,0.1759999990463256,162,166,0.4989647001851182,1.0,REAL_DRIFT,2,REAL_DRIFT,REAL_DRIFT,REAL_DRIFT,1,0,0,0,30,1,0,0,0
33,167-171,5,REAL_DRIFT,5/0,1.0,0.1759999990463256,167,171,0.5006818383463219,1.0,REAL_DRIFT,2,REAL_DRIFT,REAL_DRIFT,REAL_DRIFT,1,0,0,0,30,1,0,0,0
34,172-176,5,REAL_DRIFT,5/0,1.0,0.2240000069141388,172,176,0.5038734128243352,1.0,REAL_DRIFT,2,REAL_DRIFT,REAL_DRIFT,REAL_DRIFT,1,0,0,0,30,1,0,0,0
35,177-181,5,REAL_DRIFT,5/0,1.0,0.1599999964237213,177,181,0.5112781987515863,1.0,REAL_DRIFT,2,REAL_DRIFT,REAL_DRIFT,REAL_DRIFT,1,0,0,0,30,1,0,0,0
36,182-186,5,REAL_DRIFT,5/0,1.0,0.2080000042915344,182,186,0.5139962023393513,1.0,REAL_DRIFT,2,REAL_DRIFT,REAL_DRIFT,REAL_DRIFT,1,0,0,0,35,1,0,0,0
37,187-190,4,REAL_DRIFT,4/0,1.0,0.19200000166893,187,190,0.5103266708750918,1.0,REAL_DRIFT,2,REAL_DRIFT,REAL_DRIFT,REAL_DRIFT,1,0,0,0,35,1,0,0,0
38,191-194,4,REAL_DRIFT,4/0,1.0,0.2039999961853027,191,194,0.4962909980956962,1.0,REAL_DRIFT,1,REAL_DRIFT,REAL_DRIFT,REAL_DRIFT,1,0,0,0,35,1,0,0,0
39,195-198,4,REAL_DRIFT,4/0,1.0,0.2080000042915344,195,198,0.500523254056569,1.0,REAL_DRIFT,1,REAL_DRIFT,REAL_DRIFT,REAL_DRIFT,1,0,0,0,35,1,0,0,0
40,199-202,4,PSEUDO_DRIFT,1/3,0.25,0.2440000027418136,199,202,0.1254085159006008,0.5,PSEUDO_DRIFT,2,PSEUDO_DRIFT,REAL_DRIFT,PSEUDO_DRIFT,0,0,0,1,35,0,0,0,1
41,203-206,4,PSEUDO_DRIFT,0/4,0.0,0.7200000286102295,203,206,0.0004071526742528,0.0,PSEUDO_DRIFT,2,PSEUDO_DRIFT,PSEUDO_DRIFT,PSEUDO_DRIFT,0,0,1,0,40,0,0,1,0
42,207-210,4,PSEUDO_DRIFT,0/4,0.0,0.671999990940094,207,210,0.0005657563214309,0.0,PSEUDO_DRIFT,2,PSEUDO_DRIFT,PSEUDO_DRIFT,PSEUDO_DRIFT,0,0,1,0,40,0,0,1,0
43,211-214,4,PSEUDO_DRIFT,0/4,0.0,0.7519999742507935,211,214,0.0009309187860411,0.0,PSEUDO_DRIFT,1,PSEUDO_DRIFT,PSEUDO_DRIFT,PSEUDO_DRIFT,0,0,1,0,40,0,0,1,0
44,215-218,4,PSEUDO_DRIFT,0/4,0.0,0.671999990940094,215,218,0.0009257271283895,0.0,PSEUDO_DRIFT,1,PSEUDO_DRIFT,PSEUDO_DRIFT,PSEUDO_DRIFT,0,0,1,0,40,0,0,1,0
45,219-223,5,PSEUDO_DRIFT,0/5,0.0,0.6320000290870667,219,223,0.0007920393392515,0.0,PSEUDO_DRIFT,2,PSEUDO_DRIFT,PSEUDO_DRIFT,PSEUDO_DRIFT,0,0,1,0,40,0,0,1,0
46,224-228,5,PSEUDO_DRIFT,0/5,0.0,0.6880000233650208,224,228,0.000707580825559,0.0,PSEUDO_DRIFT,2,PSEUDO_DRIFT,PSEUDO_DRIFT,PSEUDO_DRIFT,0,0,1,0,45,0,0,1,0
47,229-233,5,PSEUDO_DRIFT,0/5,0.0,0.6600000262260437,229,233,0.0006465408703482,0.0,PSEUDO_DRIFT,2,PSEUDO_DRIFT,PSEUDO_DRIFT,PSEUDO_DRIFT,0,0,1,0,45,0,0,1,0
48,234-238,5,PSEUDO_DRIFT,0/5,0.0,0.6480000019073486,234,238,0.0006434516714886,0.0,PSEUDO_DRIFT,2,PSEUDO_DRIFT,PSEUDO_DRIFT,PSEUDO_DRIFT,0,0,1,0,45,0,0,1,0
49,239-243,5,PSEUDO_DRIFT,0/5,0.0,0.7239999771118164,239,243,0.0005564340426449,0.0,PSEUDO_DRIFT,2,PSEUDO_DRIFT,PSEUDO_DRIFT,PSEUDO_DRIFT,0,0,1,0,45,0,0,1,0
50,244-249,6,PSEUDO_DRIFT,0/6,0.0,0.6200000047683716,244,249,0.0006007498676727,0.0,PSEUDO_DRIFT,2,PSEUDO_DRIFT,PSEUDO_DRIFT,PSEUDO_DRIFT,0,0,1,0,45,0,0,1,0
51,250-255,6,PSEUDO_DRIFT,0/6,0.0,0.699999988079071,250,255,0.0008607254899042,0.0,PSEUDO_DRIFT,2,PSEUDO_DRIFT,PSEUDO_DRIFT,PSEUDO_DRIFT,0,0,1,0,50,0,0,1,0
52,256-261,6,PSEUDO_DRIFT,0/6,0.0,0.6959999799728394,256,261,0.0004454107206335,0.0,PSEUDO_DRIFT,2,PSEUDO_DRIFT,PSEUDO_DRIFT,PSEUDO_DRIFT,0,0,1,0,50,0,0,1,0
53,262-267,6,PSEUDO_DRIFT,0/6,0.0,0.6439999938011169,262,267,0.0005599040865116,0.0,PSEUDO_DRIFT,2,PSEUDO_DRIFT,PSEUDO_DRIFT,PSEUDO_DRIFT,0,0,1,0,50,0,0,1,0
54,268-273,6,PSEUDO_DRIFT,0/6,0.0,0.6800000071525574,268,273,0.0004527222881928,0.0,PSEUDO_DRIFT,2,PSEUDO_DRIFT,PSEUDO_DRIFT,PSEUDO_DRIFT,0,0,1,0,50,0,0,1,0
55,274-280,7,PSEUDO_DRIFT,0/7,0.0,0.699999988079071,274,280,0.0004269531336712,0.0,PSEUDO_DRIFT,3,PSEUDO_DRIFT,PSEUDO_DRIFT,PSEUDO_DRIFT,0,0,1,0,50,0,0,1,0
56,281-287,7,PSEUDO_DRIFT,0/7,0.0,0.671999990940094,281,287,0.0004318564713582,0.0,PSEUDO_DRIFT,2,PSEUDO_DRIFT,PSEUDO_DRIFT,PSEUDO_DRIFT,0,0,1,0,55,0,0,1,0
57,288-294,7,PSEUDO_DRIFT,0/7,0.0,0.6639999747276306,288,294,0.0004138901575519,0.0,PSEUDO_DRIFT,2,PSEUDO_DRIFT,PSEUDO_DRIFT,PSEUDO_DRIFT,0,0,1,0,55,0,0,1,0
58,295-301,7,PSEUDO_DRIFT,0/7,0.0,0.6959999799728394,295,301,0.0003988752594969,0.0,PSEUDO_DRIFT,2,PSEUDO_DRIFT,PSEUDO_DRIFT,PSEUDO_DRIFT,0,0,1,0,55,0,0,1,0
59,302-308,7,PSEUDO_DRIFT,0/7,0.0,0.6800000071525574,302,308,0.000440997244277,0.0,PSEUDO_DRIFT,2,PSEUDO_DRIFT,PSEUDO_DRIFT,PSEUDO_DRIFT,0,0,1,0,55,0,0,1,0
60,309-315,7,PSEUDO_DRIFT,0/7,0.0,0.6320000290870667,309,315,0.0004985168438437,0.0,PSEUDO_DRIFT,3,PSEUDO_DRIFT,PSEUDO_DRIFT,PSEUDO_DRIFT,0,0,1,0,55,0,0,1,0
61,316-322,7,PSEUDO_DRIFT,0/7,0.0,0.7039999961853027,316,322,0.000262224647692,0.0,PSEUDO_DRIFT,2,PSEUDO_DRIFT,PSEUDO_DRIFT,PSEUDO_DRIFT,0,0,1,0,60,0,0,1,0
62,323-329,7,PSEUDO_DRIFT,0/7,0.0,0.671999990940094,323,329,0.000643291201735,0.0,PSEUDO_DRIFT,2,PSEUDO_DRIFT,PSEUDO_DRIFT,PSEUDO_DRIFT,0,0,1,0,60,0,0,1,0
63,330-336,7,PSEUDO_DRIFT,0/7,0.0,0.7360000014305115,330,336,0.0006618644423941,0.0,PSEUDO_DRIFT,2,PSEUDO_DRIFT,PSEUDO_DRIFT,PSEUDO_DRIFT,0,0,1,0,60,0,0,1,0
64,337-343,7,PSEUDO_DRIFT,0/7,0.0,0.6679999828338623,337,343,0.0004252807499096,0.0,PSEUDO_DRIFT,2,PSEUDO_DRIFT,PSEUDO_DRIFT,PSEUDO_DRIFT,0,0,1,0,60,0,0,1,0
65,344-350,7,PSEUDO_DRIFT,0/7,0.0,0.671999990940094,344,350,0.000716413281292,0.0,PSEUDO_DRIFT,3,PSEUDO_DRIFT,PSEUDO_DRIFT,PSEUDO_DRIFT,0,0,1,0,60,0,0,1,0
66,351-357,7,PSEUDO_DRIFT,0/7,0.0,0.6800000071525574,351,357,0.0005788945252423,0.0,PSEUDO_DRIFT,2,PSEUDO_DRIFT,PSEUDO_DRIFT,PSEUDO_DRIFT,0,0,1,0,65,0,0,1,0
67,358-364,7,PSEUDO_DRIFT,0/7,0.0,0.6880000233650208,358,364,0.0008833578586925,0.0,PSEUDO_DRIFT,2,PSEUDO_DRIFT,PSEUDO_DRIFT,PSEUDO_DRIFT,0,0,1,0,65,0,0,1,0
68,365-371,7,PSEUDO_DRIFT,0/7,0.0,0.6840000152587891,365,371,0.0004799773844291,0.0,PSEUDO_DRIFT,2,PSEUDO_DRIFT,PSEUDO_DRIFT,PSEUDO_DRIFT,0,0,1,0,65,0,0,1,0
69,372-378,7,PSEUDO_DRIFT,0/7,0.0,0.6959999799728394,372,378,0.0005273469853857,0.0,PSEUDO_DRIFT,2,PSEUDO_DRIFT,PSEUDO_DRIFT,PSEUDO_DRIFT,0,0,1,0,65,0,0,1,0
70,379-385,7,PSEUDO_DRIFT,0/7,0.0,0.7039999961853027,379,385,0.0005675803620581,0.0,PSEUDO_DRIFT,3,PSEUDO_DRIFT,PSEUDO_DRIFT,PSEUDO_DRIFT,0,0,1,0,65,0,0,1,0
71,386-392,7,PSEUDO_DRIFT,0/7,0.0,0.6759999990463257,386,392,0.0005862038722617,0.0,PSEUDO_DRIFT,2,PSEUDO_DRIFT,PSEUDO_DRIFT,PSEUDO_DRIFT,0,0,1,0,70,0,0,1,0
72,393-399,7,PSEUDO_DRIFT,0/7,0.0,0.671999990940094,393,399,0.000747245077504,0.0,PSEUDO_DRIFT,2,PSEUDO_DRIFT,PSEUDO_DRIFT,PSEUDO_DRIFT,0,0,1,0,70,0,0,1,0
73,400-406,7,PSEUDO_DRIFT,0/7,0.0,0.6480000019073486,400,406,0.0006154345123448,0.0,PSEUDO_DRIFT,2,PSEUDO_DRIFT,PSEUDO_DRIFT,PSEUDO_DRIFT,0,0,1,0,70,0,0,1,0
74,407-413,7,PSEUDO_DRIFT,0/7,0.0,0.6159999966621399,407,413,0.0004606779068654,0.0,PSEUDO_DRIFT,2,PSEUDO_DRIFT,PSEUDO_DRIFT,PSEUDO_DRIFT,0,0,1,0,70,0,0,1,0
75,414-420,7,PSEUDO_DRIFT,0/7,0.0,0.7120000123977661,414,420,0.0004251182046527,0.0,PSEUDO_DRIFT,3,PSEUDO_DRIFT,PSEUDO_DRIFT,PSEUDO_DRIFT,0,0,1,0,70,0,0,1,0
76,421-427,7,PSEUDO_DRIFT,0/7,0.0,0.699999988079071,421,427,0.000460351555113,0.0,PSEUDO_DRIFT,2,PSEUDO_DRIFT,PSEUDO_DRIFT,PSEUDO_DRIFT,0,0,1,0,75,0,0,1,0
77,428-434,7,PSEUDO_DRIFT,0/7,0.0,0.6840000152587891,428,434,0.0007203717476612,0.0,PSEUDO_DRIFT,2,PSEUDO_DRIFT,PSEUDO_DRIFT,PSEUDO_DRIFT,0,0,1,0,75,0,0,1,0
78,435-441,7,PSEUDO_DRIFT,0/7,0.0,0.6679999828338623,435,441,0.0007045698421843,0.0,PSEUDO_DRIFT,2,PSEUDO_DRIFT,PSEUDO_DRIFT,PSEUDO_DRIFT,0,0,1,0,75,0,0,1,0
79,442-448,7,PSEUDO_DRIFT,0/7,0.0,0.6880000233650208,442,448,0.0003893730823195,0.0,PSEUDO_DRIFT,2,PSEUDO_DRIFT,PSEUDO_DRIFT,PSEUDO_DRIFT,0,0,1,0,75,0,0,1,0
80,449-455,7,PSEUDO_DRIFT,0/7,0.0,0.6600000262260437,449,455,0.0003210798962733,0.0,PSEUDO_DRIFT,3,PSEUDO_DRIFT,PSEUDO_DRIFT,PSEUDO_DRIFT,0,0,1,0,75,0,0,1,0
81,456-462,7,PSEUDO_DRIFT,0/7,0.0,0.6399999856948853,456,462,0.0005911709018644,0.0,PSEUDO_DRIFT,2,PSEUDO_DRIFT,PSEUDO_DRIFT,PSEUDO_DRIFT,0,0,1,0,80,0,0,1,0
82,463-469,7,PSEUDO_DRIFT,0/7,0.0,0.6399999856948853,463,469,0.0006616393957878,0.0,PSEUDO_DRIFT,2,PSEUDO_DRIFT,PSEUDO_DRIFT,PSEUDO_DRIFT,0,0,1,0,80,0,0,1,0
83,470-476,7,PSEUDO_DRIFT,0/7,0.0,0.656000018119812,470,476,0.0007157595930656,0.0,PSEUDO_DRIFT,2,PSEUDO_DRIFT,PSEUDO_DRIFT,PSEUDO_DRIFT,0,0,1,0,80,0,0,1,0
84,477-483,7,PSEUDO_DRIFT,0/7,0.0,0.6840000152587891,477,483,0.0005145592327514,0.0,PSEUDO_DRIFT,2,PSEUDO_DRIFT,PSEUDO_DRIFT,PSEUDO_DRIFT,0,0,1,0,80,0,0,1,0
85,484-490,7,PSEUDO_DRIFT,0/7,0.0,0.6600000262260437,484,490,0.0005637137374668,0.0,PSEUDO_DRIFT,3,PSEUDO_DRIFT,PSEUDO_DRIFT,PSEUDO_DRIFT,0,0,1,0,80,0,0,1,0
86,491-497,7,PSEUDO_DRIFT,0/7,0.0,0.699999988079071,491,497,0.00052768122605,0.0,PSEUDO_DRIFT,2,PSEUDO_DRIFT,PSEUDO_DRIFT,PSEUDO_DRIFT,0,0,1,0,85,0,0,1,0
87,498-504,7,PSEUDO_DRIFT,0/7,0.0,0.6959999799728394,498,504,0.0005589072127485,0.0,PSEUDO_DRIFT,2,PSEUDO_DRIFT,PSEUDO_DRIFT,PSEUDO_DRIFT,0,0,1,0,85,0,0,1,0
88,505-511,7,PSEUDO_DRIFT,0/7,0.0,0.6959999799728394,505,511,0.0004467899535981,0.0,PSEUDO_DRIFT,2,PSEUDO_DRIFT,PSEUDO_DRIFT,PSEUDO_DRIFT,0,0,1,0,85,0,0,1,0
89,512-518,7,PSEUDO_DRIFT,0/7,0.0,0.6840000152587891,512,518,0.0006769471564115,0.0,PSEUDO_DRIFT,2,PSEUDO_DRIFT,PSEUDO_DRIFT,PSEUDO_DRIFT,0,0,1,0,85,0,0,1,0
90,519-525,7,PSEUDO_DRIFT,0/7,0.0,0.699999988079071,519,525,0.0004724664568286,0.0,PSEUDO_DRIFT,3,PSEUDO_DRIFT,PSEUDO_DRIFT,PSEUDO_DRIFT,0,0,1,0,85,0,0,1,0
91,526-532,7,PSEUDO_DRIFT,0/7,0.0,0.6959999799728394,526,532,0.0007076286256335,0.0,PSEUDO_DRIFT,2,PSEUDO_DRIFT,PSEUDO_DRIFT,PSEUDO_DRIFT,0,0,1,0,90,0,0,1,0
92,533-539,7,PSEUDO_DRIFT,0/7,0.0,0.6359999775886536,533,539,0.0006014679204722,0.0,PSEUDO_DRIFT,2,PSEUDO_DRIFT,PSEUDO_DRIFT,PSEUDO_DRIFT,0,0,1,0,90,0,0,1,0
93,540-546,7,PSEUDO_DRIFT,0/7,0.0,0.699999988079071,540,546,0.0005047391517682,0.0,PSEUDO_DRIFT,2,PSEUDO_DRIFT,PSEUDO_DRIFT,PSEUDO_DRIFT,0,0,1,0,90,0,0,1,0
94,547-553,7,PSEUDO_DRIFT,0/7,0.0,0.6880000233650208,547,553,0.0006465744717027,0.0,PSEUDO_DRIFT,2,PSEUDO_DRIFT,PSEUDO_DRIFT,PSEUDO_DRIFT,0,0,1,0,90,0,0,1,0
95,554-560,7,PSEUDO_DRIFT,0/7,0.0,0.6880000233650208,554,560,0.0004527465769665,0.0,PSEUDO_DRIFT,3,PSEUDO_DRIFT,PSEUDO_DRIFT,PSEUDO_DRIFT,0,0,1,0,90,0,0,1,0
96,561-567,7,PSEUDO_DRIFT,0/7,0.0,0.671999990940094,561,567,0.0005043056454453,0.0,PSEUDO_DRIFT,2,PSEUDO_DRIFT,PSEUDO_DRIFT,PSEUDO_DRIFT,0,0,1,0,95,0,0,1,0
97,568-574,7,PSEUDO_DRIFT,0/7,0.0,0.6959999799728394,568,574,0.0005022187412836,0.0,PSEUDO_DRIFT,2,PSEUDO_DRIFT,PSEUDO_DRIFT,PSEUDO_DRIFT,0,0,1,0,95,0,0,1,0
98,575-581,7,PSEUDO_DRIFT,0/7,0.0,0.7279999852180481,575,581,0.0008287068280727,0.0,PSEUDO_DRIFT,2,PSEUDO_DRIFT,PSEUDO_DRIFT,PSEUDO_DRIFT,0,0,1,0,95,0,0,1,0
99,582-588,7,PSEUDO_DRIFT,0/7,0.0,0.6439999938011169,582,588,0.0006424074884004,0.0,PSEUDO_DRIFT,2,PSEUDO_DRIFT,PSEUDO_DRIFT,PSEUDO_DRIFT,0,0,1,0,95,0,0,1,0
100,589-595,7,PSEUDO_DRIFT,0/7,0.0,0.656000018119812,589,595,0.0005290550585434,0.0,PSEUDO_DRIFT,3,PSEUDO_DRIFT,PSEUDO_DRIFT,PSEUDO_DRIFT,0,0,1,0,95,0,0,1,0
101,596-602,7,PSEUDO_DRIFT,0/7,0.0,0.6800000071525574,596,602,0.0006273554082072,0.0,PSEUDO_DRIFT,2,PSEUDO_DRIFT,PSEUDO_DRIFT,PSEUDO_DRIFT,0,0,1,0,100,0,0,1,0
102,603-609,7,PSEUDO_DRIFT,0/7,0.0,0.6800000071525574,603,609,0.0005514443802466,0.0,PSEUDO_DRIFT,2,PSEUDO_DRIFT,PSEUDO_DRIFT,PSEUDO_DRIFT,0,0,1,0,100,0,0,1,0
103,610-616,7,PSEUDO_DRIFT,0/7,0.0,0.6800000071525574,610,616,0.0003972028478946,0.0,PSEUDO_DRIFT,2,PSEUDO_DRIFT,PSEUDO_DRIFT,PSEUDO_DRIFT,0,0,1,0,100,0,0,1,0
104,617-623,7,PSEUDO_DRIFT,0/7,0.0,0.6759999990463257,617,623,0.000580108311367,0.0,PSEUDO_DRIFT,2,PSEUDO_DRIFT,PSEUDO_DRIFT,PSEUDO_DRIFT,0,0,1,0,100,0,0,1,0
105,624-630,7,PSEUDO_DRIFT,0/7,0.0,0.6759999990463257,624,630,0.000634660143995,0.0,PSEUDO_DRIFT,3,PSEUDO_DRIFT,PSEUDO_DRIFT,PSEUDO_DRIFT,0,0,1,0,100,0,0,1,0
106,631-637,7,PSEUDO_DRIFT,0/7,0.0,0.6399999856948853,631,637,0.0008239889629693,0.0,PSEUDO_DRIFT,2,PSEUDO_DRIFT,PSEUDO_DRIFT,PSEUDO_DRIFT,0,0,1,0,105,0,0,1,0
107,638-644,7,PSEUDO_DRIFT,0/7,0.0,0.7160000205039978,638,644,0.0008916922949357,0.0,PSEUDO_DRIFT,2,PSEUDO_DRIFT,PSEUDO_DRIFT,PSEUDO_DRIFT,0,0,1,0,105,0,0,1,0
108,645-651,7,PSEUDO_DRIFT,0/7,0.0,0.6800000071525574,645,651,0.0004378626655191,0.0,PSEUDO_DRIFT,2,PSEUDO_DRIFT,PSEUDO_DRIFT,PSEUDO_DRIFT,0,0,1,0,105,0,0,1,0
109,652-658,7,PSEUDO_DRIFT,0/7,0.0,0.6200000047683716,652,658,0.0006855357726767,0.0,PSEUDO_DRIFT,2,PSEUDO_DRIFT,PSEUDO_DRIFT,PSEUDO_DRIFT,0,0,1,0,105,0,0,1,0
110,659-665,7,PSEUDO_DRIFT,0/7,0.0,0.656000018119812,659,665,0.00066579581544,0.0,PSEUDO_DRIFT,3,PSEUDO_DRIFT,PSEUDO_DRIFT,PSEUDO_DRIFT,0,0,1,0,105,0,0,1,0
111,666-672,7,PSEUDO_DRIFT,0/7,0.0,0.7080000042915344,666,672,0.0008959579525248,0.0,PSEUDO_DRIFT,2,PSEUDO_DRIFT,PSEUDO_DRIFT,PSEUDO_DRIFT,0,0,1,0,110,0,0,1,0
112,673-679,7,PSEUDO_DRIFT,0/7,0.0,0.6959999799728394,673,679,0.0005891014474097,0.0,PSEUDO_DRIFT,2,PSEUDO_DRIFT,PSEUDO_DRIFT,PSEUDO_DRIFT,0,0,1,0,110,0,0,1,0
113,680-686,7,PSEUDO_DRIFT,0/7,0.0,0.6600000262260437,680,686,0.0006796652689611,0.0,PSEUDO_DRIFT,2,PSEUDO_DRIFT,PSEUDO_DRIFT,PSEUDO_DRIFT,0,0,1,0,110,0,0,1,0
114,687-693,7,PSEUDO_DRIFT,0/7,0.0,0.6840000152587891,687,693,0.0004674354194706,0.0,PSEUDO_DRIFT,2,PSEUDO_DRIFT,PSEUDO_DRIFT,PSEUDO_DRIFT,0,0,1,0,110,0,0,1,0
115,694-700,7,PSEUDO_DRIFT,0/7,0.0,0.6399999856948853,694,700,0.0004468025260885,0.0,PSEUDO_DRIFT,3,PSEUDO_DRIFT,PSEUDO_DRIFT,PSEUDO_DRIFT,0,0,1,0,110,0,0,1,0
116,701-707,7,PSEUDO_DRIFT,0/7,0.0,0.656000018119812,701,707,0.0005889500505031,0.0,PSEUDO_DRIFT,2,PSEUDO_DRIFT,PSEUDO_DRIFT,PSEUDO_DRIFT,0,0,1,0,115,0,0,1,0
117,708-714,7,PSEUDO_DRIFT,0/7,0.0,0.671999990940094,708,714,0.0006607068142572,0.0,PSEUDO_DRIFT,2,PSEUDO_DRIFT,PSEUDO_DRIFT,PSEUDO_DRIFT,0,0,1,0,115,0,0,1,0
118,715-721,7,PSEUDO_DRIFT,0/7,0.0,0.7400000095367432,715,721,0.00069375838684,0.0,PSEUDO_DRIFT,2,PSEUDO_DRIFT,PSEUDO_DRIFT,PSEUDO_DRIFT,0,0,1,0,115,0,0,1,0
119,722-728,7,PSEUDO_DRIFT,0/7,0.0,0.7160000205039978,722,728,0.0005229984518566,0.0,PSEUDO_DRIFT,2,PSEUDO_DRIFT,PSEUDO_DRIFT,PSEUDO_DRIFT,0,0,1,0,115,0,0,1,0
120,729-735,7,PSEUDO_DRIFT,0/7,0.0,0.6639999747276306,729,735,0.0006052123548196,0.0,PSEUDO_DRIFT,3,PSEUDO_DRIFT,PSEUDO_DRIFT,PSEUDO_DRIFT,0,0,1,0,115,0,0,1,0
121,736-742,7,PSEUDO_DRIFT,0/7,0.0,0.6959999799728394,736,742,0.0003757154333075,0.0,PSEUDO_DRIFT,2,PSEUDO_DRIFT,PSEUDO_DRIFT,PSEUDO_DRIFT,0,0,1,0,120,0,0,1,0
122,743-749,7,PSEUDO_DRIFT,0/7,0.0,0.7039999961853027,743,749,0.0004260721550857,0.0,PSEUDO_DRIFT,2,PSEUDO_DRIFT,PSEUDO_DRIFT,PSEUDO_DRIFT,0,0,1,0,120,0,0,1,0
123,750-756,7,PSEUDO_DRIFT,0/7,0.0,0.671999990940094,750,756,0.0004693479609906,0.0,PSEUDO_DRIFT,2,PSEUDO_DRIFT,PSEUDO_DRIFT,PSEUDO_DRIFT,0,0,1,0,120,0,0,1,0
124,757-763,7,PSEUDO_DRIFT,0/7,0.0,0.699999988079071,757,763,0.0006833026364597,0.0,PSEUDO_DRIFT,2,PSEUDO_DRIFT,PSEUDO_DRIFT,PSEUDO_DRIFT,0,0,1,0,120,0,0,1,0
125,764-770,7,PSEUDO_DRIFT,0/7,0.0,0.6399999856948853,764,770,0.0004815868695027,0.0,PSEUDO_DRIFT,3,PSEUDO_DRIFT,PSEUDO_DRIFT,PSEUDO_DRIFT,0,0,1,0,120,0,0,1,0
126,771-777,7,PSEUDO_DRIFT,0/7,0.0,0.699999988079071,771,777,0.0006845157635106,0.0,PSEUDO_DRIFT,2,PSEUDO_DRIFT,PSEUDO_DRIFT,PSEUDO_DRIFT,0,0,1,0,125,0,0,1,0
127,778-784,7,PSEUDO_DRIFT,0/7,0.0,0.6679999828338623,778,784,0.0006783686864487,0.0,PSEUDO_DRIFT,2,PSEUDO_DRIFT,PSEUDO_DRIFT,PSEUDO_DRIFT,0,0,1,0,125,0,0,1,0
128,785-791,7,PSEUDO_DRIFT,0/7,0.0,0.671999990940094,785,791,0.0004559026929756,0.0,PSEUDO_DRIFT,2,PSEUDO_DRIFT,PSEUDO_DRIFT,PSEUDO_DRIFT,0,0,1,0,125,0,0,1,0
129,792-798,7,PSEUDO_DRIFT,0/7,0.0,0.7080000042915344,792,798,0.0004293487131463,0.0,PSEUDO_DRIFT,2,PSEUDO_DRIFT,PSEUDO_DRIFT,PSEUDO_DRIFT,0,0,1,0,125,0,0,1,0
130,799-805,7,PSEUDO_DRIFT,0/7,0.0,0.6880000233650208,799,805,0.0003990552146822,0.0,PSEUDO_DRIFT,3,PSEUDO_DRIFT,PSEUDO_DRIFT,PSEUDO_DRIFT,0,0,1,0,125,0,0,1,0
131,806-812,7,PSEUDO_DRIFT,0/7,0.0,0.6639999747276306,806,812,0.0005488323183295,0.0,PSEUDO_DRIFT,2,PSEUDO_DRIFT,PSEUDO_DRIFT,PSEUDO_DRIFT,0,0,1,0,130,0,0,1,0
132,813-819,7,PSEUDO_DRIFT,0/7,0.0,0.6800000071525574,813,819,0.0004339082891086,0.0,PSEUDO_DRIFT,2,PSEUDO_DRIFT,PSEUDO_DRIFT,PSEUDO_DRIFT,0,0,1,0,130,0,0,1,0
133,820-826,7,PSEUDO_DRIFT,0/7,0.0,0.671999990940094,820,826,0.0006049986154838,0.0,PSEUDO_DRIFT,2,PSEUDO_DRIFT,PSEUDO_DRIFT,PSEUDO_DRIFT,0,0,1,0,130,0,0,1,0
134,827-833,7,PSEUDO_DRIFT,0/7,0.0,0.671999990940094,827,833,0.0005868675526593,0.0,PSEUDO_DRIFT,2,PSEUDO_DRIFT,PSEUDO_DRIFT,PSEUDO_DRIFT,0,0,1,0,130,0,0,1,0
135,834-840,7,PSEUDO_DRIFT,0/7,0.0,0.671999990940094,834,840,0.0005287031709789,0.0,PSEUDO_DRIFT,3,PSEUDO_DRIFT,PSEUDO_DRIFT,PSEUDO_DRIFT,0,0,1,0,130,0,0,1,0
136,841-847,7,PSEUDO_DRIFT,0/7,0.0,0.656000018119812,841,847,0.0004281411117114,0.0,PSEUDO_DRIFT,2,PSEUDO_DRIFT,PSEUDO_DRIFT,PSEUDO_DRIFT,0,0,1,0,135,0,0,1,0
137,848-854,7,PSEUDO_DRIFT,0/7,0.0,0.6679999828338623,848,854,0.0007442378669693,0.0,PSEUDO_DRIFT,2,PSEUDO_DRIFT,PSEUDO_DRIFT,PSEUDO_DRIFT,0,0,1,0,135,0,0,1,0
138,855-861,7,PSEUDO_DRIFT,0/7,0.0,0.6759999990463257,855,861,0.000644242388702,0.0,PSEUDO_DRIFT,2,PSEUDO_DRIFT,PSEUDO_DRIFT,PSEUDO_DRIFT,0,0,1,0,135,0,0,1,0
139,862-868,7,PSEUDO_DRIFT,0/7,0.0,0.6480000019073486,862,868,0.0007032076798623,0.0,PSEUDO_DRIFT,2,PSEUDO_DRIFT,PSEUDO_DRIFT,PSEUDO_DRIFT,0,0,1,0,135,0,0,1,0
140,869-875,7,PSEUDO_DRIFT,0/7,0.0,0.656000018119812,869,875,0.0007356580305453,0.0,PSEUDO_DRIFT,3,PSEUDO_DRIFT,PSEUDO_DRIFT,PSEUDO_DRIFT,0,0,1,0,135,0,0,1,0
141,876-882,7,PSEUDO_DRIFT,0/7,0.0,0.6800000071525574,876,882,0.0003496907536337,0.0,PSEUDO_DRIFT,2,PSEUDO_DRIFT,PSEUDO_DRIFT,PSEUDO_DRIFT,0,0,1,0,140,0,0,1,0
142,883-889,7,PSEUDO_DRIFT,0/7,0.0,0.6240000128746033,883,889,0.0005015650202212,0.0,PSEUDO_DRIFT,2,PSEUDO_DRIFT,PSEUDO_DRIFT,PSEUDO_DRIFT,0,0,1,0,140,0,0,1,0
143,890-896,7,PSEUDO_DRIFT,0/7,0.0,0.6840000152587891,890,896,0.0007262047105782,0.0,PSEUDO_DRIFT,2,PSEUDO_DRIFT,PSEUDO_DRIFT,PSEUDO_DRIFT,0,0,1,0,140,0,0,1,0
144,897-903,7,PSEUDO_DRIFT,0/7,0.0,0.7080000042915344,897,903,0.0010735196227216,0.0,PSEUDO_DRIFT,2,PSEUDO_DRIFT,PSEUDO_DRIFT,PSEUDO_DRIFT,0,0,1,0,140,0,0,1,0
145,904-910,7,PSEUDO_DRIFT,0/7,0.0,0.6200000047683716,904,910,0.0005695331980898,0.0,PSEUDO_DRIFT,3,PSEUDO_DRIFT,PSEUDO_DRIFT,PSEUDO_DRIFT,0,0,1,0,140,0,0,1,0
146,911-917,7,PSEUDO_DRIFT,0/7,0.0,0.6320000290870667,911,917,0.0003743592089879,0.0,PSEUDO_DRIFT,2,PSEUDO_DRIFT,PSEUDO_DRIFT,PSEUDO_DRIFT,0,0,1,0,145,0,0,1,0
147,918-924,7,PSEUDO_DRIFT,0/7,0.0,0.7120000123977661,918,924,0.0009600303272939,0.0,PSEUDO_DRIFT,2,PSEUDO_DRIFT,PSEUDO_DRIFT,PSEUDO_DRIFT,0,0,1,0,145,0,0,1,0
148,925-931,7,PSEUDO_DRIFT,0/7,0.0,0.6639999747276306,925,931,0.0006493904332546,0.0,PSEUDO_DRIFT,2,PSEUDO_DRIFT,PSEUDO_DRIFT,PSEUDO_DRIFT,0,0,1,0,145,0,0,1,0
149,932-938,7,PSEUDO_DRIFT,0/7,0.0,0.6520000100135803,932,938,0.0006830049114275,0.0,PSEUDO_DRIFT,2,PSEUDO_DRIFT,PSEUDO_DRIFT,PSEUDO_DRIFT,0,0,1,0,145,0,0,1,0
150,939-945,7,PSEUDO_DRIFT,0/7,0.0,0.6320000290870667,939,945,0.0004097251967272,0.0,PSEUDO_DRIFT,3,PSEUDO_DRIFT,PSEUDO_DRIFT,PSEUDO_DRIFT,0,0,1,0,145,0,0,1,0
151,946-952,7,PSEUDO_DRIFT,0/7,0.0,0.6240000128746033,946,952,0.0005392677325599,0.0,PSEUDO_DRIFT,2,PSEUDO_DRIFT,PSEUDO_DRIFT,PSEUDO_DRIFT,0,0,1,0,150,0,0,1,0
152,953-959,7,PSEUDO_DRIFT,0/7,0.0,0.7239999771118164,953,959,0.0004068829902472,0.0,PSEUDO_DRIFT,2,PSEUDO_DRIFT,PSEUDO_DRIFT,PSEUDO_DRIFT,0,0,1,0,150,0,0,1,0
153,960-966,7,PSEUDO_DRIFT,0/7,0.0,0.6119999885559082,960,966,0.000515201332151,0.0,PSEUDO_DRIFT,2,PSEUDO_DRIFT,PSEUDO_DRIFT,PSEUDO_DRIFT,0,0,1,0,150,0,0,1,0
154,967-973,7,PSEUDO_DRIFT,0/7,0.0,0.671999990940094,967,973,0.0006731801898118,0.0,PSEUDO_DRIFT,2,PSEUDO_DRIFT,PSEUDO_DRIFT,PSEUDO_DRIFT,0,0,1,0,150,0,0,1,0
155,974-980,7,PSEUDO_DRIFT,0/7,0.0,0.671999990940094,974,980,0.0005607013439111,0.0,PSEUDO_DRIFT,3,PSEUDO_DRIFT,PSEUDO_DRIFT,PSEUDO_DRIFT,0,0,1,0,150,0,0,1,0
156,981-987,7,PSEUDO_DRIFT,0/7,0.0,0.7279999852180481,981,987,0.0006145129536074,0.0,PSEUDO_DRIFT,2,PSEUDO_DRIFT,PSEUDO_DRIFT,PSEUDO_DRIFT,0,0,1,0,155,0,0,1,0
157,988-994,7,PSEUDO_DRIFT,0/7,0.0,0.6679999828338623,988,994,0.0003438082760107,0.0,PSEUDO_DRIFT,2,PSEUDO_DRIFT,PSEUDO_DRIFT,PSEUDO_DRIFT,0,0,1,0,155,0,0,1,0
158,995-1001,7,PSEUDO_DRIFT,0/7,0.0,0.7160000205039978,995,1001,0.0007582645837364,0.0,PSEUDO_DRIFT,2,PSEUDO_DRIFT,PSEUDO_DRIFT,PSEUDO_DRIFT,0,0,1,0,155,0,0,1,0
159,1002-1008,7,PSEUDO_DRIFT,0/7,0.0,0.6880000233650208,1002,1008,0.0004294407303264,0.0,PSEUDO_DRIFT,2,PSEUDO_DRIFT,PSEUDO_DRIFT,PSEUDO_DRIFT,0,0,1,0,155,0,0,1,0
160,1009-1015,7,PSEUDO_DRIFT,0/7,0.0,0.7279999852180481,1009,1015,0.0005995413202598,0.0,PSEUDO_DRIFT,3,PSEUDO_DRIFT,PSEUDO_DRIFT,PSEUDO_DRIFT,0,0,1,0,155,0,0,1,0
161,1016-1022,7,PSEUDO_DRIFT,0/7,0.0,0.6959999799728394,1016,1022,0.0007537195715015,0.0,PSEUDO_DRIFT,2,PSEUDO_DRIFT,PSEUDO_DRIFT,PSEUDO_DRIFT,0,0,1,0,160,0,0,1,0
162,1023-1029,7,PSEUDO_DRIFT,0/7,0.0,0.6639999747276306,1023,1029,0.0006800401360494,0.0,PSEUDO_DRIFT,2,PSEUDO_DRIFT,PSEUDO_DRIFT,PSEUDO_DRIFT,0,0,1,0,160,0,0,1,0
163,1030-1036,7,PSEUDO_DRIFT,0/7,0.0,0.6759999990463257,1030,1036,0.0004362537970739,0.0,PSEUDO_DRIFT,2,PSEUDO_DRIFT,PSEUDO_DRIFT,PSEUDO_DRIFT,0,0,1,0,160,0,0,1,0
164,1037-1043,7,PSEUDO_DRIFT,0/7,0.0,0.6759999990463257,1037,1043,0.0005726743214878,0.0,PSEUDO_DRIFT,2,PSEUDO_DRIFT,PSEUDO_DRIFT,PSEUDO_DRIFT,0,0,1,0,160,0,0,1,0
165,1044-1050,7,PSEUDO_DRIFT,0/7,0.0,0.7160000205039978,1044,1050,0.0005958978346477,0.0,PSEUDO_DRIFT,3,PSEUDO_DRIFT,PSEUDO_DRIFT,PSEUDO_DRIFT,0,0,1,0,160,0,0,1,0
166,1051-1057,7,PSEUDO_DRIFT,0/7,0.0,0.6200000047683716,1051,1057,0.0005343338200714,0.0,PSEUDO_DRIFT,2,PSEUDO_DRIFT,PSEUDO_DRIFT,PSEUDO_DRIFT,0,0,1,0,165,0,0,1,0
167,1058-1064,7,PSEUDO_DRIFT,0/7,0.0,0.6800000071525574,1058,1064,0.0006567326596119,0.0,PSEUDO_DRIFT,2,PSEUDO_DRIFT,PSEUDO_DRIFT,PSEUDO_DRIFT,0,0,1,0,165,0,0,1,0
168,1065-1071,7,PSEUDO_DRIFT,0/7,0.0,0.7200000286102295,1065,1071,0.0005661758372479,0.0,PSEUDO_DRIFT,2,PSEUDO_DRIFT,PSEUDO_DRIFT,PSEUDO_DRIFT,0,0,1,0,165,0,0,1,0
169,1072-1078,7,PSEUDO_DRIFT,0/7,0.0,0.6919999718666077,1072,1078,0.0008692188608164,0.0,PSEUDO_DRIFT,2,PSEUDO_DRIFT,PSEUDO_DRIFT,PSEUDO_DRIFT,0,0,1,0,165,0,0,1,0
170,1079-1085,7,PSEUDO_DRIFT,0/7,0.0,0.7080000042915344,1079,1085,0.0005838508406589,0.0,PSEUDO_DRIFT,3,PSEUDO_DRIFT,PSEUDO_DRIFT,PSEUDO_DRIFT,0,0,1,0,165,0,0,1,0
171,1086-1092,7,PSEUDO_DRIFT,0/7,0.0,0.7160000205039978,1086,1092,0.0006100371781225,0.0,PSEUDO_DRIFT,2,PSEUDO_DRIFT,PSEUDO_DRIFT,PSEUDO_DRIFT,0,0,1,0,170,0,0,1,0
172,1093-1099,7,PSEUDO_DRIFT,0/7,0.0,0.7360000014305115,1093,1099,0.0008919256675008,0.0,PSEUDO_DRIFT,2,PSEUDO_DRIFT,PSEUDO_DRIFT,PSEUDO_DRIFT,0,0,1,0,170,0,0,1,0
173,1100-1106,7,PSEUDO_DRIFT,0/7,0.0,0.6520000100135803,1100,1106,0.0007906405832363,0.0,PSEUDO_DRIFT,2,PSEUDO_DRIFT,PSEUDO_DRIFT,PSEUDO_DRIFT,0,0,1,0,170,0,0,1,0
174,1107-1113,7,PSEUDO_DRIFT,0/7,0.0,0.6759999990463257,1107,1113,0.0005389216185857,0.0,PSEUDO_DRIFT,2,PSEUDO_DRIFT,PSEUDO_DRIFT,PSEUDO_DRIFT,0,0,1,0,170,0,0,1,0
175,1114-1120,7,PSEUDO_DRIFT,0/7,0.0,0.6679999828338623,1114,1120,0.0006217920863095,0.0,PSEUDO_DRIFT,3,PSEUDO_DRIFT,PSEUDO_DRIFT,PSEUDO_DRIFT,0,0,1,0,170,0,0,1,0
176,1121-1127,7,PSEUDO_DRIFT,0/7,0.0,0.6800000071525574,1121,1127,0.0006520094057758,0.0,PSEUDO_DRIFT,2,PSEUDO_DRIFT,PSEUDO_DRIFT,PSEUDO_DRIFT,0,0,1,0,175,0,0,1,0
177,1128-1134,7,PSEUDO_DRIFT,0/7,0.0,0.7200000286102295,1128,1134,0.0005626498559037,0.0,PSEUDO_DRIFT,2,PSEUDO_DRIFT,PSEUDO_DRIFT,PSEUDO_DRIFT,0,0,1,0,175,0,0,1,0
178,1135-1141,7,PSEUDO_DRIFT,0/7,0.0,0.6679999828338623,1135,1141,0.0006634384993372,0.0,PSEUDO_DRIFT,2,PSEUDO_DRIFT,PSEUDO_DRIFT,PSEUDO_DRIFT,0,0,1,0,175,0,0,1,0
179,1142-1148,7,PSEUDO_DRIFT,0/7,0.0,0.6639999747276306,1142,1148,0.0005318921871759,0.0,PSEUDO_DRIFT,2,PSEUDO_DRIFT,PSEUDO_DRIFT,PSEUDO_DRIFT,0,0,1,0,175,0,0,1,0
180,1149-1155,7,PSEUDO_DRIFT,0/7,0.0,0.6759999990463257,1149,1155,0.0004464254958311,0.0,PSEUDO_DRIFT,3,PSEUDO_DRIFT,PSEUDO_DRIFT,PSEUDO_DRIFT,0,0,1,0,175,0,0,1,0
181,1156-1162,7,PSEUDO_DRIFT,0/7,0.0,0.6399999856948853,1156,1162,0.0006475421789655,0.0,PSEUDO_DRIFT,2,PSEUDO_DRIFT,PSEUDO_DRIFT,PSEUDO_DRIFT,0,0,1,0,180,0,0,1,0
182,1163-1169,7,PSEUDO_DRIFT,0/7,0.0,0.671999990940094,1163,1169,0.0006111046307494,0.0,PSEUDO_DRIFT,2,PSEUDO_DRIFT,PSEUDO_DRIFT,PSEUDO_DRIFT,0,0,1,0,180,0,0,1,0
183,1170-1176,7,PSEUDO_DRIFT,0/7,0.0,0.6840000152587891,1170,1176,0.0004852201556855,0.0,PSEUDO_DRIFT,2,PSEUDO_DRIFT,PSEUDO_DRIFT,PSEUDO_DRIFT,0,0,1,0,180,0,0,1,0
184,1177-1183,7,PSEUDO_DRIFT,0/7,0.0,0.6439999938011169,1177,1183,0.0005309595128711,0.0,PSEUDO_DRIFT,2,PSEUDO_DRIFT,PSEUDO_DRIFT,PSEUDO_DRIFT,0,0,1,0,180,0,0,1,0
185,1184-1190,7,PSEUDO_DRIFT,0/7,0.0,0.6919999718666077,1184,1190,0.000490049583681,0.0,PSEUDO_DRIFT,3,PSEUDO_DRIFT,PSEUDO_DRIFT,PSEUDO_DRIFT,0,0,1,0,180,0,0,1,0
186,1191-1197,7,PSEUDO_DRIFT,0/7,0.0,0.6079999804496765,1191,1197,0.0004921341783656,0.0,PSEUDO_DRIFT,2,PSEUDO_DRIFT,PSEUDO_DRIFT,PSEUDO_DRIFT,0,0,1,0,185,0,0,1,0
187,1198-1204,7,REAL_DRIFT,5/2,0.7142857142857143,0.6919999718666077,1198,1204,0.1886207849204315,0.5,PSEUDO_DRIFT,2,PSEUDO_DRIFT,PSEUDO_DRIFT,REAL_DRIFT,0,0,1,0,185,0,1,0,0
188,1205-1211,7,REAL_DRIFT,7/0,1.0,0.6840000152587891,1205,1211,0.2588925497819481,1.0,REAL_DRIFT,2,REAL_DRIFT,PSEUDO_DRIFT,REAL_DRIFT,0,1,0,0,185,0,1,0,0
189,1212-1218,7,REAL_DRIFT,7/0,1.0,0.671999990940094,1212,1218,0.2569381558575563,1.0,REAL_DRIFT,2,REAL_DRIFT,PSEUDO_DRIFT,REAL_DRIFT,0,1,0,0,185,0,1,0,0
190,1219-1225,7,REAL_DRIFT,7/0,1.0,0.671999990940094,1219,1225,0.2549623655063929,1.0,REAL_DRIFT,3,REAL_DRIFT,PSEUDO_DRIFT,REAL_DRIFT,0,1,0,0,185,0,1,0,0
191,1226-1232,7,REAL_DRIFT,7/0,1.0,0.671999990940094,1226,1232,0.2614384196117006,1.0,REAL_DRIFT,2,REAL_DRIFT,PSEUDO_DRIFT,REAL_DRIFT,0,1,0,0,190,0,1,0,0
192,1233-1238,6,REAL_DRIFT,6/0,1.0,0.6359999775886536,1233,1238,0.2655517707995009,1.0,REAL_DRIFT,2,REAL_DRIFT,PSEUDO_DRIFT,REAL_DRIFT,0,1,0,0,190,0,1,0,0
193,1239-1244,6,REAL_DRIFT,6/0,1.0,0.7039999961853027,1239,1244,0.2476226765638442,1.0,REAL_DRIFT,2,REAL_DRIFT,PSEUDO_DRIFT,REAL_DRIFT,0,1,0,0,190,0,1,0,0
194,1245-1250,6,REAL_DRIFT,6/0,1.0,0.7239999771118164,1245,1250,0.2546370249212577,1.0,REAL_DRIFT,2,REAL_DRIFT,PSEUDO_DRIFT,REAL_DRIFT,0,1,0,0,190,0,1,0,0
195,1251-1256,6,REAL_DRIFT,6/0,1.0,0.656000018119812,1251,1256,0.2534000348328927,1.0,REAL_DRIFT,2,REAL_DRIFT,PSEUDO_DRIFT,REAL_DRIFT,0,1,0,0,190,0,1,0,0
196,1257-1262,6,REAL_DRIFT,6/0,1.0,0.671999990940094,1257,1262,0.2495679247570511,1.0,REAL_DRIFT,2,REAL_DRIFT,PSEUDO_DRIFT,REAL_DRIFT,0,1,0,0,195,0,1,0,0
197,1263-1267,5,REAL_DRIFT,5/0,1.0,0.671999990940094,1263,1267,0.2606189145444352,1.0,REAL_DRIFT,2,REAL_DRIFT,PSEUDO_DRIFT,REAL_DRIFT,0,1,0,0,195,0,1,0,0
198,1268-1272,5,REAL_DRIFT,5/0,1.0,0.6200000047683716,1268,1272,0.2480173883324394,1.0,REAL_DRIFT,2,REAL_DRIFT,PSEUDO_DRIFT,REAL_DRIFT,0,1,0,0,195,0,1,0,0
199,1273-1277,5,REAL_DRIFT,5/0,1.0,0.6679999828338623,1273,1277,0.2417623648695981,1.0,REAL_DRIFT,2,REAL_DRIFT,PSEUDO_DRIFT,REAL_DRIFT,0,1,0,0,195,0,1,0,0
200,1278-1282,5,REAL_DRIFT,5/0,1.0,0.6600000262260437,1278,1282,0.2613562441093037,1.0,REAL_DRIFT,2,REAL_DRIFT,PSEUDO_DRIFT,REAL_DRIFT,0,1,0,0,195,0,1,0,0
201,1283-1287,5,REAL_DRIFT,5/0,1.0,0.6520000100135803,1283,1287,0.2583266723135357,1.0,REAL_DRIFT,2,REAL_DRIFT,PSEUDO_DRIFT,REAL_DRIFT,0,1,0,0,200,0,1,0,0
202,1288-1291,4,REAL_DRIFT,4/0,1.0,0.6320000290870667,1288,1291,0.2527992488401848,1.0,REAL_DRIFT,2,REAL_DRIFT,PSEUDO_DRIFT,REAL_DRIFT,0,1,0,0,200,0,1,0,0
203,1292-1295,4,REAL_DRIFT,4/0,1.0,0.699999988079071,1292,1295,0.2518166420346803,1.0,REAL_DRIFT,2,REAL_DRIFT,PSEUDO_DRIFT,REAL_DRIFT,0,1,0,0,200,0,1,0,0
204,1296-1299,4,REAL_DRIFT,4/0,1.0,0.6800000071525574,1296,1299,0.2395666058327956,1.0,REAL_DRIFT,1,REAL_DRIFT,PSEUDO_DRIFT,REAL_DRIFT,0,1,0,0,200,0,1,0,0
205,1300-1303,4,PSEUDO_DRIFT,1/3,0.25,0.671999990940094,1300,1303,0.1944706972455725,1.0,REAL_DRIFT,1,REAL_DRIFT,PSEUDO_DRIFT,PSEUDO_DRIFT,0,1,0,0,200,0,0,1,0
206,1304-1307,4,PSEUDO_DRIFT,0/4,0.0,0.6439999938011169,1304,1307,0.1545835916766395,1.0,REAL_DRIFT,2,REAL_DRIFT,PSEUDO_DRIFT,PSEUDO_DRIFT,0,1,0,0,205,0,0,1,0
207,1308-1311,4,PSEUDO_DRIFT,0/4,0.0,0.7080000042915344,1308,1311,0.1197906253462337,0.5,PSEUDO_DRIFT,2,PSEUDO_DRIFT,PSEUDO_DRIFT,PSEUDO_DRIFT,0,0,1,0,205,0,0,1,0
208,1312-1315,4,PSEUDO_DRIFT,0/4,0.0,0.7360000014305115,1312,1315,0.0915507117293854,0.0,PSEUDO_DRIFT,2,PSEUDO_DRIFT,PSEUDO_DRIFT,PSEUDO_DRIFT,0,0,1,0,205,0,0,1,0
209,1316-1319,4,PSEUDO_DRIFT,0/4,0.0,0.6399999856948853,1316,1319,0.0713227643011249,0.0,PSEUDO_DRIFT,1,PSEUDO_DRIFT,PSEUDO_DRIFT,PSEUDO_DRIFT,0,0,1,0,205,0,0,1,0
210,1320-1324,5,PSEUDO_DRIFT,0/5,0.0,0.7039999961853027,1320,1324,0.0590683137786584,0.0,PSEUDO_DRIFT,1,PSEUDO_DRIFT,PSEUDO_DRIFT,PSEUDO_DRIFT,0,0,1,0,205,0,0,1,0
211,1325-1329,5,PSEUDO_DRIFT,0/5,0.0,0.656000018119812,1325,1329,0.0336606208824202,0.0,PSEUDO_DRIFT,1,PSEUDO_DRIFT,PSEUDO_DRIFT,PSEUDO_DRIFT,0,0,1,0,210,0,0,1,0
212,1330-1334,5,PSEUDO_DRIFT,0/5,0.0,0.6759999990463257,1330,1334,0.0251358050564974,0.0,PSEUDO_DRIFT,1,PSEUDO_DRIFT,PSEUDO_DRIFT,PSEUDO_DRIFT,0,0,1,0,210,0,0,1,0
213,1335-1339,5,PSEUDO_DRIFT,0/5,0.0,0.699999988079071,1335,1339,0.0170108020778495,0.0,PSEUDO_DRIFT,1,PSEUDO_DRIFT,PSEUDO_DRIFT,PSEUDO_DRIFT,0,0,1,0,210,0,0,1,0
214,1340-1344,5,PSEUDO_DRIFT,0/5,0.0,0.7239999771118164,1340,1344,0.0121171764961978,0.0,PSEUDO_DRIFT,1,PSEUDO_DRIFT,PSEUDO_DRIFT,PSEUDO_DRIFT,0,0,1,0,210,0,0,1,0
215,1345-1350,6,PSEUDO_DRIFT,0/6,0.0,0.6600000262260437,1345,1350,0.0078268520159047,0.0,PSEUDO_DRIFT,2,PSEUDO_DRIFT,PSEUDO_DRIFT,PSEUDO_DRIFT,0,0,1,0,210,0,0,1,0
216,1351-1356,6,PSEUDO_DRIFT,0/6,0.0,0.671999990940094,1351,1356,0.0038338823817142,0.0,PSEUDO_DRIFT,2,PSEUDO_DRIFT,PSEUDO_DRIFT,PSEUDO_DRIFT,0,0,1,0,215,0,0,1,0
217,1357-1362,6,PSEUDO_DRIFT,0/6,0.0,0.6880000233650208,1357,1362,0.002019518066461,0.0,PSEUDO_DRIFT,2,PSEUDO_DRIFT,PSEUDO_DRIFT,PSEUDO_DRIFT,0,0,1,0,215,0,0,1,0
218,1363-1368,6,PSEUDO_DRIFT,0/6,0.0,0.6639999747276306,1363,1368,0.0012573298641426,0.0,PSEUDO_DRIFT,2,PSEUDO_DRIFT,PSEUDO_DRIFT,PSEUDO_DRIFT,0,0,1,0,215,0,0,1,0
219,1369-1374,6,PSEUDO_DRIFT,0/6,0.0,0.6959999799728394,1369,1374,0.0011783904616317,0.0,PSEUDO_DRIFT,2,PSEUDO_DRIFT,PSEUDO_DRIFT,PSEUDO_DRIFT,0,0,1,0,215,0,0,1,0
220,1375-1381,7,PSEUDO_DRIFT,0/7,0.0,0.7039999961853027,1375,1381,0.0007061778544538,0.0,PSEUDO_DRIFT,2,PSEUDO_DRIFT,PSEUDO_DRIFT,PSEUDO_DRIFT,0,0,1,0,215,0,0,1,0
221,1382-1388,7,PSEUDO_DRIFT,0/7,0.0,0.6759999990463257,1382,1388,0.0004378900227127,0.0,PSEUDO_DRIFT,2,PSEUDO_DRIFT,PSEUDO_DRIFT,PSEUDO_DRIFT,0,0,1,0,220,0,0,1,0
222,1389-1395,7,PSEUDO_DRIFT,0/7,0.0,0.6320000290870667,1389,1395,0.0005063515617567,0.0,PSEUDO_DRIFT,3,PSEUDO_DRIFT,PSEUDO_DRIFT,PSEUDO_DRIFT,0,0,1,0,220,0,0,1,0
223,1396-1402,7,PSEUDO_DRIFT,0/7,0.0,0.6159999966621399,1396,1402,0.000410948232968,0.0,PSEUDO_DRIFT,2,PSEUDO_DRIFT,PSEUDO_DRIFT,PSEUDO_DRIFT,0,0,1,0,220,0,0,1,0
224,1403-1409,7,PSEUDO_DRIFT,0/7,0.0,0.6679999828338623,1403,1409,0.0004229595995276,0.0,PSEUDO_DRIFT,2,PSEUDO_DRIFT,PSEUDO_DRIFT,PSEUDO_DRIFT,0,0,1,0,220,0,0,1,0
225,1410-1416,7,PSEUDO_DRIFT,0/7,0.0,0.6679999828338623,1410,1416,0.0009294354552835,0.0,PSEUDO_DRIFT,2,PSEUDO_DRIFT,PSEUDO_DRIFT,PSEUDO_DRIFT,0,0,1,0,220,0,0,1,0
226,1417-1423,7,PSEUDO_DRIFT,0/7,0.0,0.6840000152587891,1417,1423,0.0008302358504337,0.0,PSEUDO_DRIFT,2,PSEUDO_DRIFT,PSEUDO_DRIFT,PSEUDO_DRIFT,0,0,1,0,225,0,0,1,0
227,1424-1430,7,PSEUDO_DRIFT,0/7,0.0,0.7239999771118164,1424,1430,0.0006953137826712,0.0,PSEUDO_DRIFT,3,PSEUDO_DRIFT,PSEUDO_DRIFT,PSEUDO_DRIFT,0,0,1,0,225,0,0,1,0
228,1431-1437,7,PSEUDO_DRIFT,0/7,0.0,0.656000018119812,1431,1437,0.0006392819193795,0.0,PSEUDO_DRIFT,2,PSEUDO_DRIFT,PSEUDO_DRIFT,PSEUDO_DRIFT,0,0,1,0,225,0,0,1,0
229,1438-1444,7,PSEUDO_DRIFT,0/7,0.0,0.5920000076293945,1438,1444,0.0005659979226427,0.0,PSEUDO_DRIFT,2,PSEUDO_DRIFT,PSEUDO_DRIFT,PSEUDO_DRIFT,0,0,1,0,225,0,0,1,0
230,1445-1451,7,PSEUDO_DRIFT,0/7,0.0,0.6959999799728394,1445,1451,0.0007039357687406,0.0,PSEUDO_DRIFT,2,PSEUDO_DRIFT,PSEUDO_DRIFT,PSEUDO_DRIFT,0,0,1,0,225,0,0,1,0
231,1452-1458,7,PSEUDO_DRIFT,0/7,0.0,0.6959999799728394,1452,1458,0.0006959244323454,0.0,PSEUDO_DRIFT,2,PSEUDO_DRIFT,PSEUDO_DRIFT,PSEUDO_DRIFT,0,0,1,0,230,0,0,1,0
232,1459-1465,7,PSEUDO_DRIFT,0/7,0.0,0.6959999799728394,1459,1465,0.0004021046365876,0.0,PSEUDO_DRIFT,3,PSEUDO_DRIFT,PSEUDO_DRIFT,PSEUDO_DRIFT,0,0,1,0,230,0,0,1,0
233,1466-1472,7,PSEUDO_DRIFT,0/7,0.0,0.6639999747276306,1466,1472,0.0005861908999036,0.0,PSEUDO_DRIFT,2,PSEUDO_DRIFT,PSEUDO_DRIFT,PSEUDO_DRIFT,0,0,1,0,230,0,0,1,0
234,1473-1479,7,PSEUDO_DRIFT,0/7,0.0,0.7120000123977661,1473,1479,0.0004192657114986,0.0,PSEUDO_DRIFT,2,PSEUDO_DRIFT,PSEUDO_DRIFT,PSEUDO_DRIFT,0,0,1,0,230,0,0,1,0
235,1480-1486,7,PSEUDO_DRIFT,0/7,0.0,0.7039999961853027,1480,1486,0.0003944637099074,0.0,PSEUDO_DRIFT,2,PSEUDO_DRIFT,PSEUDO_DRIFT,PSEUDO_DRIFT,0,0,1,0,230,0,0,1,0
236,1487-1493,7,PSEUDO_DRIFT,0/7,0.0,0.6840000152587891,1487,1493,0.0004473976294738,0.0,PSEUDO_DRIFT,2,PSEUDO_DRIFT,PSEUDO_DRIFT,PSEUDO_DRIFT,0,0,1,0,235,0,0,1,0
237,1494-1500,7,PSEUDO_DRIFT,0/7,0.0,0.699999988079071,1494,1500,0.0003999745780636,0.0,PSEUDO_DRIFT,3,PSEUDO_DRIFT,PSEUDO_DRIFT,PSEUDO_DRIFT,0,0,1,0,235,0,0,1,0
238,1501-1507,7,PSEUDO_DRIFT,0/7,0.0,0.6959999799728394,1501,1507,0.0004155429291431,0.0,PSEUDO_DRIFT,2,PSEUDO_DRIFT,PSEUDO_DRIFT,PSEUDO_DRIFT,0,0,1,0,235,0,0,1,0
239,1508-1514,7,PSEUDO_DRIFT,0/7,0.0,0.671999990940094,1508,1514,0.0005417272614596,0.0,PSEUDO_DRIFT,2,PSEUDO_DRIFT,PSEUDO_DRIFT,PSEUDO_DRIFT,0,0,1,0,235,0,0,1,0
240,1515-1521,7,PSEUDO_DRIFT,0/7,0.0,0.656000018119812,1515,1521,0.0002464455205836,0.0,PSEUDO_DRIFT,2,PSEUDO_DRIFT,PSEUDO_DRIFT,PSEUDO_DRIFT,0,0,1,0,235,0,0,1,0
241,1522-1528,7,PSEUDO_DRIFT,0/7,0.0,0.1599999964237213,1522,1528,0.0005797011926131,0.0,PSEUDO_DRIFT,2,PSEUDO_DRIFT,REAL_DRIFT,PSEUDO_DRIFT,0,0,0,1,240,0,0,0,1
242,1529-1535,7,PSEUDO_DRIFT,0/7,0.0,0.1759999990463256,1529,1535,0.0007148682843926,0.0,PSEUDO_DRIFT,3,PSEUDO_DRIFT,REAL_DRIFT,PSEUDO_DRIFT,0,0,0,1,240,0,0,0,1
243,1536-1542,7,PSEUDO_DRIFT,0/7,0.0,0.2119999974966049,1536,1542,0.0004188216439296,0.0,PSEUDO_DRIFT,2,PSEUDO_DRIFT,REAL_DRIFT,PSEUDO_DRIFT,0,0,0,1,240,0,0,0,1
244,1543-1549,7,PSEUDO_DRIFT,0/7,0.0,0.1720000058412552,1543,1549,0.0006962514274849,0.0,PSEUDO_DRIFT,2,PSEUDO_DRIFT,REAL_DRIFT,PSEUDO_DRIFT,0,0,0,1,240,0,0,0,1
245,1550-1556,7,PSEUDO_DRIFT,0/7,0.0,0.1720000058412552,1550,1556,0.0005811933649947,0.0,PSEUDO_DRIFT,2,PSEUDO_DRIFT,REAL_DRIFT,PSEUDO_DRIFT,0,0,0,1,240,0,0,0,1
246,1557-1563,7,PSEUDO_DRIFT,0/7,0.0,0.1759999990463256,1557,1563,0.0008206261202005,0.0,PSEUDO_DRIFT,2,PSEUDO_DRIFT,REAL_DRIFT,PSEUDO_DRIFT,0,0,0,1,245,0,0,0,1
247,1564-1570,7,PSEUDO_DRIFT,0/7,0.0,0.2160000056028366,1564,1570,0.0005511549315266,0.0,PSEUDO_DRIFT,3,PSEUDO_DRIFT,REAL_DRIFT,PSEUDO_DRIFT,0,0,0,1,245,0,0,0,1
248,1571-1577,7,PSEUDO_DRIFT,0/7,0.0,0.2280000001192093,1571,1577,0.0005231548655377,0.0,PSEUDO_DRIFT,2,PSEUDO_DRIFT,REAL_DRIFT,PSEUDO_DRIFT,0,0,0,1,245,0,0,0,1
249,1578-1584,7,PSEUDO_DRIFT,0/7,0.0,0.19200000166893,1578,1584,0.0005714115179859,0.0,PSEUDO_DRIFT,2,PSEUDO_DRIFT,REAL_DRIFT,PSEUDO_DRIFT,0,0,0,1,245,0,0,0,1
250,1585-1591,7,PSEUDO_DRIFT,0/7,0.0,0.1759999990463256,1585,1591,0.0005618376659864,0.0,PSEUDO_DRIFT,2,PSEUDO_DRIFT,REAL_DRIFT,PSEUDO_DRIFT,0,0,0,1,245,0,0,0,1
251,1592-1598,7,PSEUDO_DRIFT,0/7,0.0,0.1879999935626983,1592,1598,0.0007345298014758,0.0,PSEUDO_DRIFT,2,PSEUDO_DRIFT,REAL_DRIFT,PSEUDO_DRIFT,0,0,0,1,250,0,0,0,1
252,1599-1605,7,PSEUDO_DRIFT,0/7,0.0,0.1679999977350235,1599,1605,0.0006671988856395,0.0,PSEUDO_DRIFT,3,PSEUDO_DRIFT,REAL_DRIFT,PSEUDO_DRIFT,0,0,0,1,250,0,0,0,1
253,1606-1612,7,PSEUDO_DRIFT,0/7,0.0,0.1840000003576278,1606,1612,0.0004480896842733,0.0,PSEUDO_DRIFT,2,PSEUDO_DRIFT,REAL_DRIFT,PSEUDO_DRIFT,0,0,0,1,250,0,0,0,1
254,1613-1619,7,PSEUDO_DRIFT,0/7,0.0,0.1959999948740005,1613,1619,0.0004596822577234,0.0,PSEUDO_DRIFT,2,PSEUDO_DRIFT,REAL_DRIFT,PSEUDO_DRIFT,0,0,0,1,250,0,0,0,1
255,1620-1626,7,PSEUDO_DRIFT,0/7,0.0,0.2039999961853027,1620,1626,0.0003923991044575,0.0,PSEUDO_DRIFT,2,PSEUDO_DRIFT,REAL_DRIFT,PSEUDO_DRIFT,0,0,0,1,250,0,0,0,1
256,1627-1633,7,PSEUDO_DRIFT,0/7,0.0,0.1439999938011169,1627,1633,0.000722729669676,0.0,PSEUDO_DRIFT,2,PSEUDO_DRIFT,REAL_DRIFT,PSEUDO_DRIFT,0,0,0,1,255,0,0,0,1
257,1634-1640,7,PSEUDO_DRIFT,0/7,0.0,0.1840000003576278,1634,1640,0.0007504382514296,0.0,PSEUDO_DRIFT,3,PSEUDO_DRIFT,REAL_DRIFT,PSEUDO_DRIFT,0,0,0,1,255,0,0,0,1
258,1641-1647,7,PSEUDO_DRIFT,0/7,0.0,0.1560000032186508,1641,1647,0.0003906740714682,0.0,PSEUDO_DRIFT,2,PSEUDO_DRIFT,REAL_DRIFT,PSEUDO_DRIFT,0,0,0,1,255,0,0,0,1
259,1648-1654,7,PSEUDO_DRIFT,0/7,0.0,0.1560000032186508,1648,1654,0.0002905654709464,0.0,PSEUDO_DRIFT,2,PSEUDO_DRIFT,REAL_DRIFT,PSEUDO_DRIFT,0,0,0,1,255,0,0,0,1
260,1655-1661,7,PSEUDO_DRIFT,0/7,0.0,0.2119999974966049,1655,1661,0.00059380429863,0.0,PSEUDO_DRIFT,2,PSEUDO_DRIFT,REAL_DRIFT,PSEUDO_DRIFT,0,0,0,1,255,0,0,0,1
261,1662-1668,7,PSEUDO_DRIFT,0/7,0.0,0.1759999990463256,1662,1668,0.0006454389795906,0.0,PSEUDO_DRIFT,2,PSEUDO_DRIFT,REAL_DRIFT,PSEUDO_DRIFT,0,0,0,1,260,0,0,0,1
262,1669-1675,7,PSEUDO_DRIFT,0/7,0.0,0.2319999933242797,1669,1675,0.0007383866884992,0.0,PSEUDO_DRIFT,3,PSEUDO_DRIFT,REAL_DRIFT,PSEUDO_DRIFT,0,0,0,1,260,0,0,0,1
263,1676-1682,7,PSEUDO_DRIFT,0/7,0.0,0.2599999904632568,1676,1682,0.0005198320646003,0.0,PSEUDO_DRIFT,2,PSEUDO_DRIFT,REAL_DRIFT,PSEUDO_DRIFT,0,0,0,1,260,0,0,0,1
264,1683-1689,7,PSEUDO_DRIFT,0/7,0.0,0.3039999902248382,1683,1689,0.0005555916335467,0.0,PSEUDO_DRIFT,2,PSEUDO_DRIFT,REAL_DRIFT,PSEUDO_DRIFT,0,0,0,1,260,0,0,0,1
265,1690-1696,7,PSEUDO_DRIFT,0/7,0.0,0.2919999957084656,1690,1696,0.0005369859722483,0.0,PSEUDO_DRIFT,2,PSEUDO_DRIFT,REAL_DRIFT,PSEUDO_DRIFT,0,0,0,1,260,0,0,0,1
266,1697-1703,7,PSEUDO_DRIFT,0/7,0.0,0.3680000007152557,1697,1703,0.0005452182184502,0.0,PSEUDO_DRIFT,2,PSEUDO_DRIFT,REAL_DRIFT,PSEUDO_DRIFT,0,0,0,1,265,0,0,0,1
267,1704-1710,7,PSEUDO_DRIFT,0/7,0.0,0.3959999978542328,1704,1710,0.0004459396433471,0.0,PSEUDO_DRIFT,3,PSEUDO_DRIFT,REAL_DRIFT,PSEUDO_DRIFT,0,0,0,1,265,0,0,0,1
268,1711-1717,7,PSEUDO_DRIFT,0/7,0.0,0.4519999921321869,1711,1717,0.0006557697105842,0.0,PSEUDO_DRIFT,2,PSEUDO_DRIFT,REAL_DRIFT,PSEUDO_DRIFT,0,0,0,1,265,0,0,0,1
269,1718-1724,7,PSEUDO_DRIFT,0/7,0.0,0.4679999947547912,1718,1724,0.0004691709635998,0.0,PSEUDO_DRIFT,2,PSEUDO_DRIFT,REAL_DRIFT,PSEUDO_DRIFT,0,0,0,1,265,0,0,0,1
270,1725-1731,7,PSEUDO_DRIFT,0/7,0.0,0.492000013589859,1725,1731,0.000726268399254,0.0,PSEUDO_DRIFT,2,PSEUDO_DRIFT,REAL_DRIFT,PSEUDO_DRIFT,0,0,0,1,265,0,0,0,1
271,1732-1738,7,PSEUDO_DRIFT,0/7,0.0,0.4839999973773956,1732,1738,0.0006077882426081,0.0,PSEUDO_DRIFT,2,PSEUDO_DRIFT,REAL_DRIFT,PSEUDO_DRIFT,0,0,0,1,270,0,0,0,1
272,1739-1745,7,PSEUDO_DRIFT,0/7,0.0,0.5,1739,1745,0.0004703352415008,0.0,PSEUDO_DRIFT,3,PSEUDO_DRIFT,REAL_DRIFT,PSEUDO_DRIFT,0,0,0,1,270,0,0,0,1
273,1746-1752,7,PSEUDO_DRIFT,0/7,0.0,0.5479999780654907,1746,1752,0.0006923445157951,0.0,PSEUDO_DRIFT,2,PSEUDO_DRIFT,PSEUDO_DRIFT,PSEUDO_DRIFT,0,0,1,0,270,0,0,1,0
274,1753-1759,7,PSEUDO_DRIFT,0/7,0.0,0.5600000023841858,1753,1759,0.000457604909245,0.0,PSEUDO_DRIFT,2,PSEUDO_DRIFT,PSEUDO_DRIFT,PSEUDO_DRIFT,0,0,1,0,270,0,0,1,0
275,1760-1766,7,PSEUDO_DRIFT,0/7,0.0,0.5519999861717224,1760,1766,0.0004946224347888,0.0,PSEUDO_DRIFT,2,PSEUDO_DRIFT,PSEUDO_DRIFT,PSEUDO_DRIFT,0,0,1,0,270,0,0,1,0
276,1767-1773,7,PSEUDO_DRIFT,0/7,0.0,0.5640000104904175,1767,1773,0.0005103826906411,0.0,PSEUDO_DRIFT,2,PSEUDO_DRIFT,PSEUDO_DRIFT,PSEUDO_DRIFT,0,0,1,0,275,0,0,1,0
277,1774-1780,7,PSEUDO_DRIFT,0/7,0.0,0.5680000185966492,1774,1780,0.0008178593427724,0.0,PSEUDO_DRIFT,3,PSEUDO_DRIFT,PSEUDO_DRIFT,PSEUDO_DRIFT,0,0,1,0,275,0,0,1,0
278,1781-1787,7,PSEUDO_DRIFT,0/7,0.0,0.6079999804496765,1781,1787,0.000622261426218,0.0,PSEUDO_DRIFT,2,PSEUDO_DRIFT,PSEUDO_DRIFT,PSEUDO_DRIFT,0,0,1,0,275,0,0,1,0
279,1788-1794,7,PSEUDO_DRIFT,0/7,0.0,0.671999990940094,1788,1794,0.0005373831042488,0.0,PSEUDO_DRIFT,2,PSEUDO_DRIFT,PSEUDO_DRIFT,PSEUDO_DRIFT,0,0,1,0,275,0,0,1,0
280,1795-1801,7,PSEUDO_DRIFT,0/7,0.0,0.6079999804496765,1795,1801,0.0006330867238082,0.0,PSEUDO_DRIFT,2,PSEUDO_DRIFT,PSEUDO_DRIFT,PSEUDO_DRIFT,0,0,1,0,275,0,0,1,0
281,1802-1808,7,PSEUDO_DRIFT,0/7,0.0,0.7200000286102295,1802,1808,0.000562041533358,0.0,PSEUDO_DRIFT,2,PSEUDO_DRIFT,PSEUDO_DRIFT,PSEUDO_DRIFT,0,0,1,0,280,0,0,1,0
282,1809-1815,7,PSEUDO_DRIFT,0/7,0.0,0.671999990940094,1809,1815,0.0004114965327146,0.0,PSEUDO_DRIFT,3,PSEUDO_DRIFT,PSEUDO_DRIFT,PSEUDO_DRIFT,0,0,1,0,280,0,0,1,0
283,1816-1822,7,PSEUDO_DRIFT,0/7,0.0,0.7519999742507935,1816,1822,0.0005426298035962,0.0,PSEUDO_DRIFT,2,PSEUDO_DRIFT,PSEUDO_DRIFT,PSEUDO_DRIFT,0,0,1,0,280,0,0,1,0
284,1823-1829,7,PSEUDO_DRIFT,0/7,0.0,0.671999990940094,1823,1829,0.0006251042730713,0.0,PSEUDO_DRIFT,2,PSEUDO_DRIFT,PSEUDO_DRIFT,PSEUDO_DRIFT,0,0,1,0,280,0,0,1,0
285,1830-1836,7,PSEUDO_DRIFT,0/7,0.0,0.6320000290870667,1830,1836,0.0008024709523615,0.0,PSEUDO_DRIFT,2,PSEUDO_DRIFT,PSEUDO_DRIFT,PSEUDO_DRIFT,0,0,1,0,280,0,0,1,0
286,1837-1843,7,PSEUDO_DRIFT,0/7,0.0,0.6880000233650208,1837,1843,0.0008953660370287,0.0,PSEUDO_DRIFT,2,PSEUDO_DRIFT,PSEUDO_DRIFT,PSEUDO_DRIFT,0,0,1,0,285,0,0,1,0
287,1844-1850,7,PSEUDO_DRIFT,0/7,0.0,0.6600000262260437,1844,1850,0.0004909791070997,0.0,PSEUDO_DRIFT,3,PSEUDO_DRIFT,PSEUDO_DRIFT,PSEUDO_DRIFT,0,0,1,0,285,0,0,1,0
288,1851-1857,7,PSEUDO_DRIFT,0/7,0.0,0.6480000019073486,1851,1857,0.0006422842594288,0.0,PSEUDO_DRIFT,2,PSEUDO_DRIFT,PSEUDO_DRIFT,PSEUDO_DRIFT,0,0,1,0,285,0,0,1,0
289,1858-1864,7,PSEUDO_DRIFT,0/7,0.0,0.7239999771118164,1858,1864,0.0006455624889703,0.0,PSEUDO_DRIFT,2,PSEUDO_DRIFT,PSEUDO_DRIFT,PSEUDO_DRIFT,0,0,1,0,285,0,0,1,0
290,1865-1871,7,PSEUDO_DRIFT,0/7,0.0,0.6200000047683716,1865,1871,0.0009162798342526,0.0,PSEUDO_DRIFT,2,PSEUDO_DRIFT,PSEUDO_DRIFT,PSEUDO_DRIFT,0,0,1,0,285,0,0,1,0
291,1872-1878,7,PSEUDO_DRIFT,0/7,0.0,0.699999988079071,1872,1878,0.0006342152430505,0.0,PSEUDO_DRIFT,2,PSEUDO_DRIFT,PSEUDO_DRIFT,PSEUDO_DRIFT,0,0,1,0,290,0,0,1,0
292,1879-1885,7,PSEUDO_DRIFT,0/7,0.0,0.6959999799728394,1879,1885,0.0006867913824678,0.0,PSEUDO_DRIFT,3,PSEUDO_DRIFT,PSEUDO_DRIFT,PSEUDO_DRIFT,0,0,1,0,290,0,0,1,0
293,1886-1892,7,PSEUDO_DRIFT,0/7,0.0,0.6439999938011169,1886,1892,0.0004628243299983,0.0,PSEUDO_DRIFT,2,PSEUDO_DRIFT,PSEUDO_DRIFT,PSEUDO_DRIFT,0,0,1,0,290,0,0,1,0
294,1893-1899,7,PSEUDO_DRIFT,0/7,0.0,0.6800000071525574,1893,1899,0.0004323903527401,0.0,PSEUDO_DRIFT,2,PSEUDO_DRIFT,PSEUDO_DRIFT,PSEUDO_DRIFT,0,0,1,0,290,0,0,1,0
295,1900-1906,7,PSEUDO_DRIFT,0/7,0.0,0.699999988079071,1900,1906,0.0005866846674443,0.0,PSEUDO_DRIFT,2,PSEUDO_DRIFT,PSEUDO_DRIFT,PSEUDO_DRIFT,0,0,1,0,290,0,0,1,0
296,1907-1913,7,PSEUDO_DRIFT,0/7,0.0,0.671999990940094,1907,1913,0.0006481677679534,0.0,PSEUDO_DRIFT,2,PSEUDO_DRIFT,PSEUDO_DRIFT,PSEUDO_DRIFT,0,0,1,0,295,0,0,1,0
297,1914-1920,7,PSEUDO_DRIFT,0/7,0.0,0.6639999747276306,1914,1920,0.000686347611457,0.0,PSEUDO_DRIFT,3,PSEUDO_DRIFT,PSEUDO_DRIFT,PSEUDO_DRIFT,0,0,1,0,295,0,0,1,0
298,1921-1927,7,PSEUDO_DRIFT,0/7,0.0,0.6959999799728394,1921,1927,0.0005766639225288,0.0,PSEUDO_DRIFT,2,PSEUDO_DRIFT,PSEUDO_DRIFT,PSEUDO_DRIFT,0,0,1,0,295,0,0,1,0
299,1928-1934,7,PSEUDO_DRIFT,0/7,0.0,0.6800000071525574,1928,1934,0.0005854426778781,0.0,PSEUDO_DRIFT,2,PSEUDO_DRIFT,PSEUDO_DRIFT,PSEUDO_DRIFT,0,0,1,0,295,0,0,1,0
300,1935-1941,7,PSEUDO_DRIFT,0/7,0.0,0.6320000290870667,1935,1941,0.0004172735483486,0.0,PSEUDO_DRIFT,2,PSEUDO_DRIFT,PSEUDO_DRIFT,PSEUDO_DRIFT,0,0,1,0,295,0,0,1,0
301,1942-1948,7,PSEUDO_DRIFT,0/7,0.0,0.7039999961853027,1942,1948,0.0003827543186972,0.0,PSEUDO_DRIFT,2,PSEUDO_DRIFT,PSEUDO_DRIFT,PSEUDO_DRIFT,0,0,1,0,300,0,0,1,0
302,1949-1955,7,PSEUDO_DRIFT,0/7,0.0,0.671999990940094,1949,1955,0.0004683369590695,0.0,PSEUDO_DRIFT,3,PSEUDO_DRIFT,PSEUDO_DRIFT,PSEUDO_DRIFT,0,0,1,0,300,0,0,1,0
303,1956-1962,7,PSEUDO_DRIFT,0/7,0.0,0.7360000014305115,1956,1962,0.0006424231876722,0.0,PSEUDO_DRIFT,2,PSEUDO_DRIFT,PSEUDO_DRIFT,PSEUDO_DRIFT,0,0,1,0,300,0,0,1,0
304,1963-1969,7,PSEUDO_DRIFT,0/7,0.0,0.6679999828338623,1963,1969,0.0004991493210652,0.0,PSEUDO_DRIFT,2,PSEUDO_DRIFT,PSEUDO_DRIFT,PSEUDO_DRIFT,0,0,1,0,300,0,0,1,0
305,1970-1976,7,PSEUDO_DRIFT,0/7,0.0,0.671999990940094,1970,1976,0.0006840117829687,0.0,PSEUDO_DRIFT,2,PSEUDO_DRIFT,PSEUDO_DRIFT,PSEUDO_DRIFT,0,0,1,0,300,0,0,1,0
306,1977-1983,7,PSEUDO_DRIFT,0/7,0.0,0.6800000071525574,1977,1983,0.0006800012862947,0.0,PSEUDO_DRIFT,2,PSEUDO_DRIFT,PSEUDO_DRIFT,PSEUDO_DRIFT,0,0,1,0,305,0,0,1,0
307,1984-1990,7,PSEUDO_DRIFT,0/7,0.0,0.6880000233650208,1984,1990,0.000509224143503,0.0,PSEUDO_DRIFT,3,PSEUDO_DRIFT,PSEUDO_DRIFT,PSEUDO_DRIFT,0,0,1,0,305,0,0,1,0
308,1991-1997,7,PSEUDO_DRIFT,0/7,0.0,0.6840000152587891,1991,1997,0.0003974748681261,0.0,PSEUDO_DRIFT,2,PSEUDO_DRIFT,PSEUDO_DRIFT,PSEUDO_DRIFT,0,0,1,0,305,0,0,1,0
309,1998-2004,7,PSEUDO_DRIFT,0/7,0.0,0.6959999799728394,1998,2004,0.00040334657782,0.0,PSEUDO_DRIFT,2,PSEUDO_DRIFT,PSEUDO_DRIFT,PSEUDO_DRIFT,0,0,1,0,305,0,0,1,0
310,2005-2011,7,PSEUDO_DRIFT,0/7,0.0,0.7039999961853027,2005,2011,0.0005308651143004,0.0,PSEUDO_DRIFT,2,PSEUDO_DRIFT,PSEUDO_DRIFT,PSEUDO_DRIFT,0,0,1,0,305,0,0,1,0
311,2012-2018,7,PSEUDO_DRIFT,0/7,0.0,0.6759999990463257,2012,2018,0.000471266858176,0.0,PSEUDO_DRIFT,2,PSEUDO_DRIFT,PSEUDO_DRIFT,PSEUDO_DRIFT,0,0,1,0,310,0,0,1,0
312,2019-2025,7,PSEUDO_DRIFT,0/7,0.0,0.671999990940094,2019,2025,0.0005602520059441,0.0,PSEUDO_DRIFT,3,PSEUDO_DRIFT,PSEUDO_DRIFT,PSEUDO_DRIFT,0,0,1,0,310,0,0,1,0
313,2026-2032,7,PSEUDO_DRIFT,0/7,0.0,0.6480000019073486,2026,2032,0.0006082550189323,0.0,PSEUDO_DRIFT,2,PSEUDO_DRIFT,PSEUDO_DRIFT,PSEUDO_DRIFT,0,0,1,0,310,0,0,1,0
314,2033-2039,7,PSEUDO_DRIFT,0/7,0.0,0.6159999966621399,2033,2039,0.0005504065170599,0.0,PSEUDO_DRIFT,2,PSEUDO_DRIFT,PSEUDO_DRIFT,PSEUDO_DRIFT,0,0,1,0,310,0,0,1,0
315,2040-2046,7,PSEUDO_DRIFT,0/7,0.0,0.7120000123977661,2040,2046,0.000409021318232,0.0,PSEUDO_DRIFT,2,PSEUDO_DRIFT,PSEUDO_DRIFT,PSEUDO_DRIFT,0,0,1,0,310,0,0,1,0
316,2047-2053,7,PSEUDO_DRIFT,0/7,0.0,0.699999988079071,2047,2053,0.0006963143507013,0.0,PSEUDO_DRIFT,2,PSEUDO_DRIFT,PSEUDO_DRIFT,PSEUDO_DRIFT,0,0,1,0,315,0,0,1,0
317,2054-2060,7,PSEUDO_DRIFT,0/7,0.0,0.6840000152587891,2054,2060,0.0007053037184057,0.0,PSEUDO_DRIFT,3,PSEUDO_DRIFT,PSEUDO_DRIFT,PSEUDO_DRIFT,0,0,1,0,315,0,0,1,0
318,2061-2067,7,PSEUDO_DRIFT,0/7,0.0,0.6679999828338623,2061,2067,0.0006305696577915,0.0,PSEUDO_DRIFT,2,PSEUDO_DRIFT,PSEUDO_DRIFT,PSEUDO_DRIFT,0,0,1,0,315,0,0,1,0
319,2068-2074,7,PSEUDO_DRIFT,0/7,0.0,0.6880000233650208,2068,2074,0.0008310091189726,0.0,PSEUDO_DRIFT,2,PSEUDO_DRIFT,PSEUDO_DRIFT,PSEUDO_DRIFT,0,0,1,0,315,0,0,1,0
320,2075-2081,7,PSEUDO_DRIFT,0/7,0.0,0.6600000262260437,2075,2081,0.0003176818781171,0.0,PSEUDO_DRIFT,2,PSEUDO_DRIFT,PSEUDO_DRIFT,PSEUDO_DRIFT,0,0,1,0,315,0,0,1,0
321,2082-2088,7,PSEUDO_DRIFT,0/7,0.0,0.6399999856948853,2082,2088,0.0004967972673169,0.0,PSEUDO_DRIFT,2,PSEUDO_DRIFT,PSEUDO_DRIFT,PSEUDO_DRIFT,0,0,1,0,320,0,0,1,0
322,2089-2095,7,PSEUDO_DRIFT,0/7,0.0,0.6399999856948853,2089,2095,0.0006415198053624,0.0,PSEUDO_DRIFT,3,PSEUDO_DRIFT,PSEUDO_DRIFT,PSEUDO_DRIFT,0,0,1,0,320,0,0,1,0
323,2096-2102,7,PSEUDO_DRIFT,0/7,0.0,0.656000018119812,2096,2102,0.0010811134326762,0.0,PSEUDO_DRIFT,2,PSEUDO_DRIFT,PSEUDO_DRIFT,PSEUDO_DRIFT,0,0,1,0,320,0,0,1,0
324,2103-2109,7,PSEUDO_DRIFT,0/7,0.0,0.6840000152587891,2103,2109,0.0006680515871437,0.0,PSEUDO_DRIFT,2,PSEUDO_DRIFT,PSEUDO_DRIFT,PSEUDO_DRIFT,0,0,1,0,320,0,0,1,0
325,2110-2116,7,PSEUDO_DRIFT,0/7,0.0,0.6600000262260437,2110,2116,0.0003699426291521,0.0,PSEUDO_DRIFT,2,PSEUDO_DRIFT,PSEUDO_DRIFT,PSEUDO_DRIFT,0,0,1,0,320,0,0,1,0
326,2117-2123,7,PSEUDO_DRIFT,0/7,0.0,0.699999988079071,2117,2123,0.0008464293675014,0.0,PSEUDO_DRIFT,2,PSEUDO_DRIFT,PSEUDO_DRIFT,PSEUDO_DRIFT,0,0,1,0,325,0,0,1,0
327,2124-2130,7,PSEUDO_DRIFT,0/7,0.0,0.6959999799728394,2124,2130,0.0007429171223118,0.0,PSEUDO_DRIFT,3,PSEUDO_DRIFT,PSEUDO_DRIFT,PSEUDO_DRIFT,0,0,1,0,325,0,0,1,0
328,2131-2137,7,PSEUDO_DRIFT,0/7,0.0,0.6959999799728394,2131,2137,0.0006453900394401,0.0,PSEUDO_DRIFT,2,PSEUDO_DRIFT,PSEUDO_DRIFT,PSEUDO_DRIFT,0,0,1,0,325,0,0,1,0
329,2138-2144,7,PSEUDO_DRIFT,0/7,0.0,0.6840000152587891,2138,2144,0.0004297243100798,0.0,PSEUDO_DRIFT,2,PSEUDO_DRIFT,PSEUDO_DRIFT,PSEUDO_DRIFT,0,0,1,0,325,0,0,1,0
330,2145-2151,7,PSEUDO_DRIFT,0/7,0.0,0.699999988079071,2145,2151,0.0005781303996805,0.0,PSEUDO_DRIFT,2,PSEUDO_DRIFT,PSEUDO_DRIFT,PSEUDO_DRIFT,0,0,1,0,325,0,0,1,0
331,2152-2158,7,PSEUDO_DRIFT,0/7,0.0,0.6959999799728394,2152,2158,0.0004022698050132,0.0,PSEUDO_DRIFT,2,PSEUDO_DRIFT,PSEUDO_DRIFT,PSEUDO_DRIFT,0,0,1,0,330,0,0,1,0
332,2159-2165,7,PSEUDO_DRIFT,0/7,0.0,0.6359999775886536,2159,2165,0.000437548167335,0.0,PSEUDO_DRIFT,3,PSEUDO_DRIFT,PSEUDO_DRIFT,PSEUDO_DRIFT,0,0,1,0,330,0,0,1,0
333,2166-2172,7,PSEUDO_DRIFT,0/7,0.0,0.699999988079071,2166,2172,0.0007448055209656,0.0,PSEUDO_DRIFT,2,PSEUDO_DRIFT,PSEUDO_DRIFT,PSEUDO_DRIFT,0,0,1,0,330,0,0,1,0
334,2173-2179,7,PSEUDO_DRIFT,0/7,0.0,0.6880000233650208,2173,2179,0.0005354806497301,0.0,PSEUDO_DRIFT,2,PSEUDO_DRIFT,PSEUDO_DRIFT,PSEUDO_DRIFT,0,0,1,0,330,0,0,1,0
335,2180-2186,7,PSEUDO_DRIFT,0/7,0.0,0.6880000233650208,2180,2186,0.0006212916542774,0.0,PSEUDO_DRIFT,2,PSEUDO_DRIFT,PSEUDO_DRIFT,PSEUDO_DRIFT,0,0,1,0,330,0,0,1,0
336,2187-2193,7,PSEUDO_DRIFT,0/7,0.0,0.671999990940094,2187,2193,0.000392526250994,0.0,PSEUDO_DRIFT,2,PSEUDO_DRIFT,PSEUDO_DRIFT,PSEUDO_DRIFT,0,0,1,0,335,0,0,1,0
337,2194-2200,7,PSEUDO_DRIFT,0/7,0.0,0.6959999799728394,2194,2200,0.0007023648663669,0.0,PSEUDO_DRIFT,3,PSEUDO_DRIFT,PSEUDO_DRIFT,PSEUDO_DRIFT,0,0,1,0,335,0,0,1,0
338,2201-2207,7,PSEUDO_DRIFT,0/7,0.0,0.7279999852180481,2201,2207,0.0004814981346525,0.0,PSEUDO_DRIFT,2,PSEUDO_DRIFT,PSEUDO_DRIFT,PSEUDO_DRIFT,0,0,1,0,335,0,0,1,0
339,2208-2214,7,PSEUDO_DRIFT,0/7,0.0,0.6439999938011169,2208,2214,0.0004968773818433,0.0,PSEUDO_DRIFT,2,PSEUDO_DRIFT,PSEUDO_DRIFT,PSEUDO_DRIFT,0,0,1,0,335,0,0,1,0
340,2215-2221,7,PSEUDO_DRIFT,0/7,0.0,0.656000018119812,2215,2221,0.0008331184097554,0.0,PSEUDO_DRIFT,2,PSEUDO_DRIFT,PSEUDO_DRIFT,PSEUDO_DRIFT,0,0,1,0,335,0,0,1,0
341,2222-2228,7,PSEUDO_DRIFT,0/7,0.0,0.6800000071525574,2222,2228,0.0006312569525368,0.0,PSEUDO_DRIFT,2,PSEUDO_DRIFT,PSEUDO_DRIFT,PSEUDO_DRIFT,0,0,1,0,340,0,0,1,0
342,2229-2235,7,PSEUDO_DRIFT,0/7,0.0,0.6800000071525574,2229,2235,0.000466700785317,0.0,PSEUDO_DRIFT,3,PSEUDO_DRIFT,PSEUDO_DRIFT,PSEUDO_DRIFT,0,0,1,0,340,0,0,1,0
343,2236-2242,7,PSEUDO_DRIFT,0/7,0.0,0.6800000071525574,2236,2242,0.0005706251374591,0.0,PSEUDO_DRIFT,2,PSEUDO_DRIFT,PSEUDO_DRIFT,PSEUDO_DRIFT,0,0,1,0,340,0,0,1,0
344,2243-2249,7,PSEUDO_DRIFT,0/7,0.0,0.6759999990463257,2243,2249,0.0006226544625545,0.0,PSEUDO_DRIFT,2,PSEUDO_DRIFT,PSEUDO_DRIFT,PSEUDO_DRIFT,0,0,1,0,340,0,0,1,0
345,2250-2256,7,PSEUDO_DRIFT,0/7,0.0,0.6759999990463257,2250,2256,0.0004867310394564,0.0,PSEUDO_DRIFT,2,PSEUDO_DRIFT,PSEUDO_DRIFT,PSEUDO_DRIFT,0,0,1,0,340,0,0,1,0
346,2257-2263,7,PSEUDO_DRIFT,0/7,0.0,0.6399999856948853,2257,2263,0.0006703351161958,0.0,PSEUDO_DRIFT,2,PSEUDO_DRIFT,PSEUDO_DRIFT,PSEUDO_DRIFT,0,0,1,0,345,0,0,1,0
347,2264-2270,7,PSEUDO_DRIFT,0/7,0.0,0.7160000205039978,2264,2270,0.0005517818437483,0.0,PSEUDO_DRIFT,3,PSEUDO_DRIFT,PSEUDO_DRIFT,PSEUDO_DRIFT,0,0,1,0,345,0,0,1,0
348,2271-2277,7,PSEUDO_DRIFT,0/7,0.0,0.6800000071525574,2271,2277,0.0008344855708477,0.0,PSEUDO_DRIFT,2,PSEUDO_DRIFT,PSEUDO_DRIFT,PSEUDO_DRIFT,0,0,1,0,345,0,0,1,0
349,2278-2284,7,PSEUDO_DRIFT,0/7,0.0,0.6200000047683716,2278,2284,0.0006767427216678,0.0,PSEUDO_DRIFT,2,PSEUDO_DRIFT,PSEUDO_DRIFT,PSEUDO_DRIFT,0,0,1,0,345,0,0,1,0
350,2285-2291,7,PSEUDO_DRIFT,0/7,0.0,0.656000018119812,2285,2291,0.0005144166399684,0.0,PSEUDO_DRIFT,2,PSEUDO_DRIFT,PSEUDO_DRIFT,PSEUDO_DRIFT,0,0,1,0,345,0,0,1,0
351,2292-2298,7,PSEUDO_DRIFT,0/7,0.0,0.7080000042915344,2292,2298,0.0009120444001484,0.0,PSEUDO_DRIFT,2,PSEUDO_DRIFT,PSEUDO_DRIFT,PSEUDO_DRIFT,0,0,1,0,350,0,0,1,0
352,2299-2305,7,PSEUDO_DRIFT,0/7,0.0,0.6959999799728394,2299,2305,0.0008497391847488,0.0,PSEUDO_DRIFT,3,PSEUDO_DRIFT,PSEUDO_DRIFT,PSEUDO_DRIFT,0,0,1,0,350,0,0,1,0
353,2306-2312,7,PSEUDO_DRIFT,0/7,0.0,0.6600000262260437,2306,2312,0.0005136907118436,0.0,PSEUDO_DRIFT,2,PSEUDO_DRIFT,PSEUDO_DRIFT,PSEUDO_DRIFT,0,0,1,0,350,0,0,1,0
354,2313-2319,7,PSEUDO_DRIFT,0/7,0.0,0.6840000152587891,2313,2319,0.0005891202503338,0.0,PSEUDO_DRIFT,2,PSEUDO_DRIFT,PSEUDO_DRIFT,PSEUDO_DRIFT,0,0,1,0,350,0,0,1,0
355,2320-2326,7,PSEUDO_DRIFT,0/7,0.0,0.6399999856948853,2320,2326,0.0007157786673976,0.0,PSEUDO_DRIFT,2,PSEUDO_DRIFT,PSEUDO_DRIFT,PSEUDO_DRIFT,0,0,1,0,350,0,0,1,0
356,2327-2333,7,PSEUDO_DRIFT,0/7,0.0,0.656000018119812,2327,2333,0.0005295063565807,0.0,PSEUDO_DRIFT,2,PSEUDO_DRIFT,PSEUDO_DRIFT,PSEUDO_DRIFT,0,0,1,0,355,0,0,1,0
357,2334-2340,7,PSEUDO_DRIFT,0/7,0.0,0.671999990940094,2334,2340,0.0006667050553082,0.0,PSEUDO_DRIFT,3,PSEUDO_DRIFT,PSEUDO_DRIFT,PSEUDO_DRIFT,0,0,1,0,355,0,0,1,0
358,2341-2347,7,PSEUDO_DRIFT,0/7,0.0,0.7400000095367432,2341,2347,0.0005504368810702,0.0,PSEUDO_DRIFT,2,PSEUDO_DRIFT,PSEUDO_DRIFT,PSEUDO_DRIFT,0,0,1,0,355,0,0,1,0
359,2348-2354,7,PSEUDO_DRIFT,0/7,0.0,0.7160000205039978,2348,2354,0.0003856246478479,0.0,PSEUDO_DRIFT,2,PSEUDO_DRIFT,PSEUDO_DRIFT,PSEUDO_DRIFT,0,0,1,0,355,0,0,1,0
360,2355-2361,7,PSEUDO_DRIFT,0/7,0.0,0.6639999747276306,2355,2361,0.0007323161331021,0.0,PSEUDO_DRIFT,2,PSEUDO_DRIFT,PSEUDO_DRIFT,PSEUDO_DRIFT,0,0,1,0,355,0,0,1,0
361,2362-2368,7,PSEUDO_DRIFT,0/7,0.0,0.6959999799728394,2362,2368,0.0005505729770832,0.0,PSEUDO_DRIFT,2,PSEUDO_DRIFT,PSEUDO_DRIFT,PSEUDO_DRIFT,0,0,1,0,360,0,0,1,0
362,2369-2375,7,PSEUDO_DRIFT,0/7,0.0,0.7039999961853027,2369,2375,0.0004959471572935,0.0,PSEUDO_DRIFT,3,PSEUDO_DRIFT,PSEUDO_DRIFT,PSEUDO_DRIFT,0,0,1,0,360,0,0,1,0
363,2376-2382,7,PSEUDO_DRIFT,0/7,0.0,0.671999990940094,2376,2382,0.0005624893663599,0.0,PSEUDO_DRIFT,2,PSEUDO_DRIFT,PSEUDO_DRIFT,PSEUDO_DRIFT,0,0,1,0,360,0,0,1,0
364,2383-2389,7,PSEUDO_DRIFT,0/7,0.0,0.699999988079071,2383,2389,0.0004874093733202,0.0,PSEUDO_DRIFT,2,PSEUDO_DRIFT,PSEUDO_DRIFT,PSEUDO_DRIFT,0,0,1,0,360,0,0,1,0
365,2390-2396,7,PSEUDO_DRIFT,0/7,0.0,0.6399999856948853,2390,2396,0.0004797065938871,0.0,PSEUDO_DRIFT,2,PSEUDO_DRIFT,PSEUDO_DRIFT,PSEUDO_DRIFT,0,0,1,0,360,0,0,1,0
366,2397-2403,7,PSEUDO_DRIFT,0/7,0.0,0.699999988079071,2397,2403,0.0004976975141781,0.0,PSEUDO_DRIFT,2,PSEUDO_DRIFT,PSEUDO_DRIFT,PSEUDO_DRIFT,0,0,1,0,365,0,0,1,0
367,2404-2410,7,PSEUDO_DRIFT,3/4,0.4285714285714285,0.6679999828338623,2404,2410,0.3790716389083339,0.6666666666666666,REAL_DRIFT,3,REAL_DRIFT,PSEUDO_DRIFT,PSEUDO_DRIFT,0,1,0,0,365,0,0,1,0
368,2411-2417,7,REAL_DRIFT,5/2,0.7142857142857143,0.671999990940094,2411,2417,0.5545732795280686,1.0,REAL_DRIFT,2,REAL_DRIFT,PSEUDO_DRIFT,REAL_DRIFT,0,1,0,0,365,0,1,0,0
369,2418-2424,7,PSEUDO_DRIFT,1/6,0.1428571428571428,0.7080000042915344,2418,2424,0.1826785410525671,1.0,REAL_DRIFT,2,REAL_DRIFT,PSEUDO_DRIFT,PSEUDO_DRIFT,0,1,0,0,365,0,0,1,0
370,2425-2431,7,REAL_DRIFT,7/0,1.0,0.6880000233650208,2425,2431,0.7317970503586565,1.0,REAL_DRIFT,2,REAL_DRIFT,PSEUDO_DRIFT,REAL_DRIFT,0,1,0,0,365,0,1,0,0
371,2432-2438,7,PSEUDO_DRIFT,0/7,0.0,0.6639999747276306,2432,2438,0.1533610884741516,0.5,PSEUDO_DRIFT,2,PSEUDO_DRIFT,PSEUDO_DRIFT,PSEUDO_DRIFT,0,0,1,0,370,0,0,1,0
372,2439-2445,7,REAL_DRIFT,6/1,0.8571428571428571,0.6800000071525574,2439,2445,0.5430252235319655,0.6666666666666666,REAL_DRIFT,3,REAL_DRIFT,PSEUDO_DRIFT,REAL_DRIFT,0,1,0,0,370,0,1,0,0
373,2446-2452,7,PSEUDO_DRIFT,2/5,0.2857142857142857,0.671999990940094,2446,2452,0.2251098550562142,0.5,PSEUDO_DRIFT,2,PSEUDO_DRIFT,PSEUDO_DRIFT,PSEUDO_DRIFT,0,0,1,0,370,0,0,1,0
374,2453-2459,7,REAL_DRIFT,4/3,0.5714285714285714,0.671999990940094,2453,2459,0.3679674644176071,0.5,PSEUDO_DRIFT,2,PSEUDO_DRIFT,PSEUDO_DRIFT,REAL_DRIFT,0,0,1,0,370,0,1,0,0
375,2460-2466,7,REAL_DRIFT,4/3,0.5714285714285714,0.671999990940094,2460,2466,0.4009556177555505,0.5,PSEUDO_DRIFT,2,PSEUDO_DRIFT,PSEUDO_DRIFT,REAL_DRIFT,0,0,1,0,370,0,1,0,0
376,2467-2473,7,PSEUDO_DRIFT,2/5,0.2857142857142857,0.656000018119812,2467,2473,0.2550929039053513,0.5,PSEUDO_DRIFT,2,PSEUDO_DRIFT,PSEUDO_DRIFT,PSEUDO_DRIFT,0,0,1,0,375,0,0,1,0
377,2474-2480,7,REAL_DRIFT,6/1,0.8571428571428571,0.6679999828338623,2474,2480,0.6197305201880564,0.6666666666666666,REAL_DRIFT,3,REAL_DRIFT,PSEUDO_DRIFT,REAL_DRIFT,0,1,0,0,375,0,1,0,0
378,2481-2487,7,PSEUDO_DRIFT,0/7,0.0,0.6759999990463257,2481,2487,0.1245388533660484,0.5,PSEUDO_DRIFT,2,PSEUDO_DRIFT,PSEUDO_DRIFT,PSEUDO_DRIFT,0,0,1,0,375,0,0,1,0
379,2488-2494,7,REAL_DRIFT,7/0,1.0,0.6480000019073486,2488,2494,0.5979384092378831,1.0,REAL_DRIFT,2,REAL_DRIFT,PSEUDO_DRIFT,REAL_DRIFT,0,1,0,0,375,0,1,0,0
380,2495-2501,7,PSEUDO_DRIFT,1/6,0.1428571428571428,0.656000018119812,2495,2501,0.1458154184748709,1.0,REAL_DRIFT,2,REAL_DRIFT,PSEUDO_DRIFT,PSEUDO_DRIFT,0,1,0,0,375,0,0,1,0
381,2502-2508,7,REAL_DRIFT,5/2,0.7142857142857143,0.6800000071525574,2502,2508,0.4876276012911893,1.0,REAL_DRIFT,2,REAL_DRIFT,PSEUDO_DRIFT,REAL_DRIFT,0,1,0,0,380,0,1,0,0
382,2509-2515,7,PSEUDO_DRIFT,3/4,0.4285714285714285,0.6240000128746033,2509,2515,0.3275853449535372,0.6666666666666666,REAL_DRIFT,3,REAL_DRIFT,PSEUDO_DRIFT,PSEUDO_DRIFT,0,1,0,0,380,0,0,1,0
383,2516-2522,7,PSEUDO_DRIFT,3/4,0.4285714285714285,0.6840000152587891,2516,2522,0.3367445308094368,0.5,PSEUDO_DRIFT,2,PSEUDO_DRIFT,PSEUDO_DRIFT,PSEUDO_DRIFT,0,0,1,0,380,0,0,1,0
384,2523-2529,7,REAL_DRIFT,5/2,0.7142857142857143,0.7080000042915344,2523,2529,0.5623754367278655,1.0,REAL_DRIFT,2,REAL_DRIFT,PSEUDO_DRIFT,REAL_DRIFT,0,1,0,0,380,0,1,0,0
385,2530-2536,7,PSEUDO_DRIFT,1/6,0.1428571428571428,0.6200000047683716,2530,2536,0.2023524058652551,0.5,PSEUDO_DRIFT,2,PSEUDO_DRIFT,PSEUDO_DRIFT,PSEUDO_DRIFT,0,0,1,0,380,0,0,1,0
386,2537-2543,7,REAL_DRIFT,7/0,1.0,0.6320000290870667,2537,2543,0.6964332932125055,1.0,REAL_DRIFT,2,REAL_DRIFT,PSEUDO_DRIFT,REAL_DRIFT,0,1,0,0,385,0,1,0,0
387,2544-2550,7,PSEUDO_DRIFT,0/7,0.0,0.7120000123977661,2544,2550,0.1594053422277029,0.6666666666666666,REAL_DRIFT,3,REAL_DRIFT,PSEUDO_DRIFT,PSEUDO_DRIFT,0,1,0,0,385,0,0,1,0
388,2551-2557,7,REAL_DRIFT,6/1,0.8571428571428571,0.6639999747276306,2551,2557,0.5490799264125682,1.0,REAL_DRIFT,2,REAL_DRIFT,PSEUDO_DRIFT,REAL_DRIFT,0,1,0,0,385,0,1,0,0
389,2558-2564,7,PSEUDO_DRIFT,2/5,0.2857142857142857,0.6520000100135803,2558,2564,0.2051386892059215,0.5,PSEUDO_DRIFT,2,PSEUDO_DRIFT,PSEUDO_DRIFT,PSEUDO_DRIFT,0,0,1,0,385,0,0,1,0
390,2565-2571,7,REAL_DRIFT,4/3,0.5714285714285714,0.6320000290870667,2565,2571,0.5076491507783104,1.0,REAL_DRIFT,2,REAL_DRIFT,PSEUDO_DRIFT,REAL_DRIFT,0,1,0,0,385,0,1,0,0
391,2572-2578,7,REAL_DRIFT,4/3,0.5714285714285714,0.6240000128746033,2572,2578,0.4657437532596765,1.0,REAL_DRIFT,2,REAL_DRIFT,PSEUDO_DRIFT,REAL_DRIFT,0,1,0,0,390,0,1,0,0
392,2579-2585,7,PSEUDO_DRIFT,2/5,0.2857142857142857,0.7239999771118164,2579,2585,0.247259331728118,1.0,REAL_DRIFT,3,REAL_DRIFT,PSEUDO_DRIFT,PSEUDO_DRIFT,0,1,0,0,390,0,0,1,0
393,2586-2592,7,REAL_DRIFT,6/1,0.8571428571428571,0.6119999885559082,2586,2592,0.5439855016901702,1.0,REAL_DRIFT,2,REAL_DRIFT,PSEUDO_DRIFT,REAL_DRIFT,0,1,0,0,390,0,1,0,0
394,2593-2599,7,PSEUDO_DRIFT,0/7,0.0,0.671999990940094,2593,2599,0.080859085383836,0.5,PSEUDO_DRIFT,2,PSEUDO_DRIFT,PSEUDO_DRIFT,PSEUDO_DRIFT,0,0,1,0,390,0,0,1,0
395,2600-2606,7,REAL_DRIFT,7/0,1.0,0.671999990940094,2600,2606,0.6336609029461905,1.0,REAL_DRIFT,2,REAL_DRIFT,PSEUDO_DRIFT,REAL_DRIFT,0,1,0,0,390,0,1,0,0
396,2607-2613,7,PSEUDO_DRIFT,1/6,0.1428571428571428,0.7279999852180481,2607,2613,0.195268881352423,0.5,PSEUDO_DRIFT,2,PSEUDO_DRIFT,PSEUDO_DRIFT,PSEUDO_DRIFT,0,0,1,0,395,0,0,1,0
397,2614-2620,7,REAL_DRIFT,5/2,0.7142857142857143,0.6679999828338623,2614,2620,0.5322930865801856,0.6666666666666666,REAL_DRIFT,3,REAL_DRIFT,PSEUDO_DRIFT,REAL_DRIFT,0,1,0,0,395,0,1,0,0
398,2621-2627,7,PSEUDO_DRIFT,3/4,0.4285714285714285,0.7160000205039978,2621,2627,0.3662028633329641,0.5,PSEUDO_DRIFT,2,PSEUDO_DRIFT,PSEUDO_DRIFT,PSEUDO_DRIFT,0,0,1,0,395,0,0,1,0
399,2628-2634,7,PSEUDO_DRIFT,3/4,0.4285714285714285,0.6880000233650208,2628,2634,0.2726787073403316,0.5,PSEUDO_DRIFT,2,PSEUDO_DRIFT,PSEUDO_DRIFT,PSEUDO_DRIFT,0,0,1,0,395,0,0,1,0
400,2635-2641,7,REAL_DRIFT,5/2,0.7142857142857143,0.7279999852180481,2635,2641,0.4297730255136259,0.5,PSEUDO_DRIFT,2,PSEUDO_DRIFT,PSEUDO_DRIFT,REAL_DRIFT,0,0,1,0,395,0,1,0,0
401,2642-2648,7,PSEUDO_DRIFT,1/6,0.1428571428571428,0.6959999799728394,2642,2648,0.1732239774904568,0.5,PSEUDO_DRIFT,2,PSEUDO_DRIFT,PSEUDO_DRIFT,PSEUDO_DRIFT,0,0,1,0,400,0,0,1,0
402,2649-2655,7,REAL_DRIFT,7/0,1.0,0.6639999747276306,2649,2655,0.6119276358623946,1.0,REAL_DRIFT,3,REAL_DRIFT,PSEUDO_DRIFT,REAL_DRIFT,0,1,0,0,400,0,1,0,0
403,2656-2662,7,PSEUDO_DRIFT,0/7,0.0,0.6759999990463257,2656,2662,0.1641264759148411,1.0,REAL_DRIFT,2,REAL_DRIFT,PSEUDO_DRIFT,PSEUDO_DRIFT,0,1,0,0,400,0,0,1,0
404,2663-2669,7,REAL_DRIFT,6/1,0.8571428571428571,0.6759999990463257,2663,2669,0.6774496910560815,1.0,REAL_DRIFT,2,REAL_DRIFT,PSEUDO_DRIFT,REAL_DRIFT,0,1,0,0,400,0,1,0,0
405,2670-2676,7,PSEUDO_DRIFT,2/5,0.2857142857142857,0.7160000205039978,2670,2676,0.2308426243082515,0.5,PSEUDO_DRIFT,2,PSEUDO_DRIFT,PSEUDO_DRIFT,PSEUDO_DRIFT,0,0,1,0,400,0,0,1,0
406,2677-2683,7,REAL_DRIFT,4/3,0.5714285714285714,0.6200000047683716,2677,2683,0.4346753704475281,0.5,PSEUDO_DRIFT,2,PSEUDO_DRIFT,PSEUDO_DRIFT,REAL_DRIFT,0,0,1,0,405,0,1,0,0
407,2684-2690,7,REAL_DRIFT,4/3,0.5714285714285714,0.6800000071525574,2684,2690,0.4303668725349207,0.6666666666666666,REAL_DRIFT,3,REAL_DRIFT,PSEUDO_DRIFT,REAL_DRIFT,0,1,0,0,405,0,1,0,0
408,2691-2697,7,PSEUDO_DRIFT,2/5,0.2857142857142857,0.7200000286102295,2691,2697,0.2177813701925953,0.5,PSEUDO_DRIFT,2,PSEUDO_DRIFT,PSEUDO_DRIFT,PSEUDO_DRIFT,0,0,1,0,405,0,0,1,0
409,2698-2704,7,REAL_DRIFT,6/1,0.8571428571428571,0.6919999718666077,2698,2704,0.5199584425585344,1.0,REAL_DRIFT,2,REAL_DRIFT,PSEUDO_DRIFT,REAL_DRIFT,0,1,0,0,405,0,1,0,0
410,2705-2711,7,PSEUDO_DRIFT,0/7,0.0,0.7080000042915344,2705,2711,0.1297620365668901,0.5,PSEUDO_DRIFT,2,PSEUDO_DRIFT,PSEUDO_DRIFT,PSEUDO_DRIFT,0,0,1,0,405,0,0,1,0
411,2712-2718,7,REAL_DRIFT,7/0,1.0,0.7160000205039978,2712,2718,0.6231866829658463,1.0,REAL_DRIFT,2,REAL_DRIFT,PSEUDO_DRIFT,REAL_DRIFT,0,1,0,0,410,0,1,0,0
412,2719-2725,7,PSEUDO_DRIFT,1/6,0.1428571428571428,0.7360000014305115,2719,2725,0.1513234893273073,0.6666666666666666,REAL_DRIFT,3,REAL_DRIFT,PSEUDO_DRIFT,PSEUDO_DRIFT,0,1,0,0,410,0,0,1,0
413,2726-2732,7,REAL_DRIFT,5/2,0.7142857142857143,0.6520000100135803,2726,2732,0.5123344769876798,1.0,REAL_DRIFT,2,REAL_DRIFT,PSEUDO_DRIFT,REAL_DRIFT,0,1,0,0,410,0,1,0,0
414,2733-2739,7,PSEUDO_DRIFT,3/4,0.4285714285714285,0.6759999990463257,2733,2739,0.3466370553813956,1.0,REAL_DRIFT,2,REAL_DRIFT,PSEUDO_DRIFT,PSEUDO_DRIFT,0,1,0,0,410,0,0,1,0
415,2740-2746,7,PSEUDO_DRIFT,3/4,0.4285714285714285,0.6679999828338623,2740,2746,0.3549428733683508,1.0,REAL_DRIFT,2,REAL_DRIFT,PSEUDO_DRIFT,PSEUDO_DRIFT,0,1,0,0,410,0,0,1,0
416,2747-2753,7,REAL_DRIFT,5/2,0.7142857142857143,0.6800000071525574,2747,2753,0.5382696747163438,1.0,REAL_DRIFT,2,REAL_DRIFT,PSEUDO_DRIFT,REAL_DRIFT,0,1,0,0,415,0,1,0,0
417,2754-2760,7,PSEUDO_DRIFT,1/6,0.1428571428571428,0.7200000286102295,2754,2760,0.1716260287242678,0.6666666666666666,REAL_DRIFT,3,REAL_DRIFT,PSEUDO_DRIFT,PSEUDO_DRIFT,0,1,0,0,415,0,0,1,0
418,2761-2767,7,REAL_DRIFT,7/0,1.0,0.6679999828338623,2761,2767,0.727049914846136,1.0,REAL_DRIFT,2,REAL_DRIFT,PSEUDO_DRIFT,REAL_DRIFT,0,1,0,0,415,0,1,0,0
419,2768-2774,7,PSEUDO_DRIFT,0/7,0.0,0.6639999747276306,2768,2774,0.1514843685007781,0.5,PSEUDO_DRIFT,2,PSEUDO_DRIFT,PSEUDO_DRIFT,PSEUDO_DRIFT,0,0,1,0,415,0,0,1,0
420,2775-2781,7,REAL_DRIFT,6/1,0.8571428571428571,0.6759999990463257,2775,2781,0.6044269122033725,1.0,REAL_DRIFT,2,REAL_DRIFT,PSEUDO_DRIFT,REAL_DRIFT,0,1,0,0,415,0,1,0,0
421,2782-2788,7,PSEUDO_DRIFT,2/5,0.2857142857142857,0.6399999856948853,2782,2788,0.2540485179263878,0.5,PSEUDO_DRIFT,2,PSEUDO_DRIFT,PSEUDO_DRIFT,PSEUDO_DRIFT,0,0,1,0,420,0,0,1,0
422,2789-2795,7,REAL_DRIFT,4/3,0.5714285714285714,0.671999990940094,2789,2795,0.4897760192901814,0.6666666666666666,REAL_DRIFT,3,REAL_DRIFT,PSEUDO_DRIFT,REAL_DRIFT,0,1,0,0,420,0,1,0,0
423,2796-2802,7,REAL_DRIFT,4/3,0.5714285714285714,0.6840000152587891,2796,2802,0.5063838968203954,0.5,PSEUDO_DRIFT,2,PSEUDO_DRIFT,PSEUDO_DRIFT,REAL_DRIFT,0,0,1,0,420,0,1,0,0
424,2803-2809,7,PSEUDO_DRIFT,2/5,0.2857142857142857,0.6439999938011169,2803,2809,0.1928338753345425,0.5,PSEUDO_DRIFT,2,PSEUDO_DRIFT,PSEUDO_DRIFT,PSEUDO_DRIFT,0,0,1,0,420,0,0,1,0
425,2810-2816,7,REAL_DRIFT,6/1,0.8571428571428571,0.6919999718666077,2810,2816,0.5583887126202018,1.0,REAL_DRIFT,2,REAL_DRIFT,PSEUDO_DRIFT,REAL_DRIFT,0,1,0,0,420,0,1,0,0
426,2817-2823,7,PSEUDO_DRIFT,0/7,0.0,0.6079999804496765,2817,2823,0.1654766640838703,1.0,REAL_DRIFT,2,REAL_DRIFT,PSEUDO_DRIFT,PSEUDO_DRIFT,0,1,0,0,425,0,0,1,0
427,2824-2830,7,REAL_DRIFT,7/0,1.0,0.6919999718666077,2824,2830,0.6639953469120478,1.0,REAL_DRIFT,3,REAL_DRIFT,PSEUDO_DRIFT,REAL_DRIFT,0,1,0,0,425,0,1,0,0
428,2831-2837,7,PSEUDO_DRIFT,1/6,0.1428571428571428,0.6840000152587891,2831,2837,0.1925282345712498,0.5,PSEUDO_DRIFT,2,PSEUDO_DRIFT,PSEUDO_DRIFT,PSEUDO_DRIFT,0,0,1,0,425,0,0,1,0
429,2838-2844,7,REAL_DRIFT,5/2,0.7142857142857143,0.671999990940094,2838,2844,0.5744818450753132,0.5,PSEUDO_DRIFT,2,PSEUDO_DRIFT,PSEUDO_DRIFT,REAL_DRIFT,0,0,1,0,425,0,1,0,0
430,2845-2851,7,PSEUDO_DRIFT,3/4,0.4285714285714285,0.671999990940094,2845,2851,0.3231795716385973,0.5,PSEUDO_DRIFT,2,PSEUDO_DRIFT,PSEUDO_DRIFT,PSEUDO_DRIFT,0,0,1,0,425,0,0,1,0
431,2852-2858,7,PSEUDO_DRIFT,3/4,0.4285714285714285,0.671999990940094,2852,2858,0.3840736630060959,0.5,PSEUDO_DRIFT,2,PSEUDO_DRIFT,PSEUDO_DRIFT,PSEUDO_DRIFT,0,0,1,0,430,0,0,1,0
432,2859-2865,7,REAL_DRIFT,5/2,0.7142857142857143,0.6359999775886536,2859,2865,0.5873665398701878,0.6666666666666666,REAL_DRIFT,3,REAL_DRIFT,PSEUDO_DRIFT,REAL_DRIFT,0,1,0,0,430,0,1,0,0
433,2866-2872,7,PSEUDO_DRIFT,1/6,0.1428571428571428,0.7039999961853027,2866,2872,0.223078202999217,0.5,PSEUDO_DRIFT,2,PSEUDO_DRIFT,PSEUDO_DRIFT,PSEUDO_DRIFT,0,0,1,0,430,0,0,1,0
434,2873-2879,7,REAL_DRIFT,7/0,1.0,0.7239999771118164,2873,2879,0.7189966543365813,1.0,REAL_DRIFT,2,REAL_DRIFT,PSEUDO_DRIFT,REAL_DRIFT,0,1,0,0,430,0,1,0,0
435,2880-2886,7,PSEUDO_DRIFT,0/7,0.0,0.656000018119812,2880,2886,0.0933761566807383,0.5,PSEUDO_DRIFT,2,PSEUDO_DRIFT,PSEUDO_DRIFT,PSEUDO_DRIFT,0,0,1,0,430,0,0,1,0
436,2887-2893,7,REAL_DRIFT,6/1,0.8571428571428571,0.671999990940094,2887,2893,0.586537562204347,1.0,REAL_DRIFT,2,REAL_DRIFT,PSEUDO_DRIFT,REAL_DRIFT,0,1,0,0,435,0,1,0,0
437,2894-2900,7,PSEUDO_DRIFT,2/5,0.2857142857142857,0.671999990940094,2894,2900,0.252566958197789,1.0,REAL_DRIFT,3,REAL_DRIFT,PSEUDO_DRIFT,PSEUDO_DRIFT,0,1,0,0,435,0,0,1,0
438,2901-2907,7,REAL_DRIFT,4/3,0.5714285714285714,0.6200000047683716,2901,2907,0.4215187240332741,1.0,REAL_DRIFT,2,REAL_DRIFT,PSEUDO_DRIFT,REAL_DRIFT,0,1,0,0,435,0,1,0,0
439,2908-2914,7,REAL_DRIFT,4/3,0.5714285714285714,0.6679999828338623,2908,2914,0.4505557003058156,1.0,REAL_DRIFT,2,REAL_DRIFT,PSEUDO_DRIFT,REAL_DRIFT,0,1,0,0,435,0,1,0,0
440,2915-2921,7,PSEUDO_DRIFT,2/5,0.2857142857142857,0.6600000262260437,2915,2921,0.2407659090440579,0.5,PSEUDO_DRIFT,2,PSEUDO_DRIFT,PSEUDO_DRIFT,PSEUDO_DRIFT,0,0,1,0,435,0,0,1,0
441,2922-2928,7,REAL_DRIFT,6/1,0.8571428571428571,0.6520000100135803,2922,2928,0.6461287503364206,1.0,REAL_DRIFT,2,REAL_DRIFT,PSEUDO_DRIFT,REAL_DRIFT,0,1,0,0,440,0,1,0,0
442,2929-2935,7,PSEUDO_DRIFT,0/7,0.0,0.6320000290870667,2929,2935,0.1508549880870077,0.6666666666666666,REAL_DRIFT,3,REAL_DRIFT,PSEUDO_DRIFT,PSEUDO_DRIFT,0,1,0,0,440,0,0,1,0
443,2936-2942,7,REAL_DRIFT,7/0,1.0,0.699999988079071,2936,2942,0.5450394675937348,1.0,REAL_DRIFT,2,REAL_DRIFT,PSEUDO_DRIFT,REAL_DRIFT,0,1,0,0,440,0,1,0,0
444,2943-2949,7,PSEUDO_DRIFT,1/6,0.1428571428571428,0.6800000071525574,2943,2949,0.153393639123813,0.5,PSEUDO_DRIFT,2,PSEUDO_DRIFT,PSEUDO_DRIFT,PSEUDO_DRIFT,0,0,1,0,440,0,0,1,0
445,2950-2956,7,REAL_DRIFT,5/2,0.7142857142857143,0.671999990940094,2950,2956,0.5357245511404091,1.0,REAL_DRIFT,2,REAL_DRIFT,PSEUDO_DRIFT,REAL_DRIFT,0,1,0,0,440,0,1,0,0
446,2957-2963,7,PSEUDO_DRIFT,3/4,0.4285714285714285,0.6439999938011169,2957,2963,0.3267669369183765,0.5,PSEUDO_DRIFT,2,PSEUDO_DRIFT,PSEUDO_DRIFT,PSEUDO_DRIFT,0,0,1,0,445,0,0,1,0
447,2964-2970,7,PSEUDO_DRIFT,3/4,0.4285714285714285,0.7080000042915344,2964,2970,0.2853239295328239,0.6666666666666666,REAL_DRIFT,3,REAL_DRIFT,PSEUDO_DRIFT,PSEUDO_DRIFT,0,1,0,0,445,0,0,1,0
448,2971-2977,7,REAL_DRIFT,5/2,0.7142857142857143,0.7360000014305115,2971,2977,0.4607399663776114,1.0,REAL_DRIFT,2,REAL_DRIFT,PSEUDO_DRIFT,REAL_DRIFT,0,1,0,0,445,0,1,0,0
449,2978-2984,7,PSEUDO_DRIFT,1/6,0.1428571428571428,0.6399999856948853,2978,2984,0.1485019163596795,1.0,REAL_DRIFT,2,REAL_DRIFT,PSEUDO_DRIFT,PSEUDO_DRIFT,0,1,0,0,445,0,0,1,0
450,2985-2991,7,REAL_DRIFT,7/0,1.0,0.7039999961853027,2985,2991,0.588439213731388,1.0,REAL_DRIFT,2,REAL_DRIFT,PSEUDO_DRIFT,REAL_DRIFT,0,1,0,0,445,0,1,0,0
451,2992-2998,7,PSEUDO_DRIFT,0/7,0.0,0.656000018119812,2992,2998,0.1227324539650969,0.5,PSEUDO_DRIFT,2,PSEUDO_DRIFT,PSEUDO_DRIFT,PSEUDO_DRIFT,0,0,1,0,450,0,0,1,0
452,2999-3005,7,REAL_DRIFT,6/1,0.8571428571428571,0.6759999990463257,2999,3005,0.5773383099629872,0.6666666666666666,REAL_DRIFT,3,REAL_DRIFT,PSEUDO_DRIFT,REAL_DRIFT,0,1,0,0,450,0,1,0,0
453,3006-3012,7,PSEUDO_DRIFT,2/5,0.2857142857142857,0.699999988079071,3006,3012,0.2456957612040184,0.5,PSEUDO_DRIFT,2,PSEUDO_DRIFT,PSEUDO_DRIFT,PSEUDO_DRIFT,0,0,1,0,450,0,0,1,0
454,3013-3019,7,REAL_DRIFT,4/3,0.5714285714285714,0.7239999771118164,3013,3019,0.4309569312408742,0.5,PSEUDO_DRIFT,2,PSEUDO_DRIFT,PSEUDO_DRIFT,REAL_DRIFT,0,0,1,0,450,0,1,0,0
455,3020-3026,7,REAL_DRIFT,4/3,0.5714285714285714,0.6600000262260437,3020,3026,0.4521668805400888,0.5,PSEUDO_DRIFT,2,PSEUDO_DRIFT,PSEUDO_DRIFT,REAL_DRIFT,0,0,1,0,450,0,1,0,0
456,3027-3033,7,PSEUDO_DRIFT,2/5,0.2857142857142857,0.671999990940094,3027,3033,0.2778562010023324,0.5,PSEUDO_DRIFT,2,PSEUDO_DRIFT,PSEUDO_DRIFT,PSEUDO_DRIFT,0,0,1,0,455,0,0,1,0
457,3034-3040,7,REAL_DRIFT,6/1,0.8571428571428571,0.6880000233650208,3034,3040,0.6400389729095372,0.6666666666666666,REAL_DRIFT,3,REAL_DRIFT,PSEUDO_DRIFT,REAL_DRIFT,0,1,0,0,455,0,1,0,0
458,3041-3047,7,PSEUDO_DRIFT,0/7,0.0,0.6639999747276306,3041,3047,0.133975952763177,0.5,PSEUDO_DRIFT,2,PSEUDO_DRIFT,PSEUDO_DRIFT,PSEUDO_DRIFT,0,0,1,0,455,0,0,1,0
459,3048-3054,7,REAL_DRIFT,7/0,1.0,0.6959999799728394,3048,3054,0.6398257369101323,1.0,REAL_DRIFT,2,REAL_DRIFT,PSEUDO_DRIFT,REAL_DRIFT,0,1,0,0,455,0,1,0,0
460,3055-3061,7,PSEUDO_DRIFT,1/6,0.1428571428571428,0.7039999961853027,3055,3061,0.1492079394668194,1.0,REAL_DRIFT,2,REAL_DRIFT,PSEUDO_DRIFT,PSEUDO_DRIFT,0,1,0,0,455,0,0,1,0
461,3062-3068,7,REAL_DRIFT,5/2,0.7142857142857143,0.6759999990463257,3062,3068,0.3918383028221974,1.0,REAL_DRIFT,2,REAL_DRIFT,PSEUDO_DRIFT,REAL_DRIFT,0,1,0,0,460,0,1,0,0
462,3069-3075,7,PSEUDO_DRIFT,3/4,0.4285714285714285,0.6320000290870667,3069,3075,0.243530857590717,0.6666666666666666,REAL_DRIFT,3,REAL_DRIFT,PSEUDO_DRIFT,PSEUDO_DRIFT,0,1,0,0,460,0,0,1,0
463,3076-3082,7,PSEUDO_DRIFT,3/4,0.4285714285714285,0.6159999966621399,3076,3082,0.3646125630618687,0.5,PSEUDO_DRIFT,2,PSEUDO_DRIFT,PSEUDO_DRIFT,PSEUDO_DRIFT,0,0,1,0,460,0,0,1,0
464,3083-3089,7,REAL_DRIFT,5/2,0.7142857142857143,0.6679999828338623,3083,3089,0.6362995573960133,1.0,REAL_DRIFT,2,REAL_DRIFT,PSEUDO_DRIFT,REAL_DRIFT,0,1,0,0,460,0,1,0,0
465,3090-3096,7,PSEUDO_DRIFT,1/6,0.1428571428571428,0.6679999828338623,3090,3096,0.161177056572048,0.5,PSEUDO_DRIFT,2,PSEUDO_DRIFT,PSEUDO_DRIFT,PSEUDO_DRIFT,0,0,1,0,460,0,0,1,0
466,3097-3103,7,REAL_DRIFT,7/0,1.0,0.6840000152587891,3097,3103,0.560976795278898,1.0,REAL_DRIFT,2,REAL_DRIFT,PSEUDO_DRIFT,REAL_DRIFT,0,1,0,0,465,0,1,0,0
467,3104-3110,7,PSEUDO_DRIFT,0/7,0.0,0.7239999771118164,3104,3110,0.1568418506474291,0.6666666666666666,REAL_DRIFT,3,REAL_DRIFT,PSEUDO_DRIFT,PSEUDO_DRIFT,0,1,0,0,465,0,0,1,0
468,3111-3117,7,REAL_DRIFT,6/1,0.8571428571428571,0.656000018119812,3111,3117,0.6631378454382367,1.0,REAL_DRIFT,2,REAL_DRIFT,PSEUDO_DRIFT,REAL_DRIFT,0,1,0,0,465,0,1,0,0
469,3118-3124,7,PSEUDO_DRIFT,2/5,0.2857142857142857,0.5920000076293945,3118,3124,0.2386641687817561,0.5,PSEUDO_DRIFT,2,PSEUDO_DRIFT,PSEUDO_DRIFT,PSEUDO_DRIFT,0,0,1,0,465,0,0,1,0
470,3125-3131,7,REAL_DRIFT,4/3,0.5714285714285714,0.6959999799728394,3125,3131,0.4102617382020618,1.0,REAL_DRIFT,2,REAL_DRIFT,PSEUDO_DRIFT,REAL_DRIFT,0,1,0,0,465,0,1,0,0
471,3132-3138,7,REAL_DRIFT,4/3,0.5714285714285714,0.6959999799728394,3132,3138,0.390025910220121,1.0,REAL_DRIFT,2,REAL_DRIFT,PSEUDO_DRIFT,REAL_DRIFT,0,1,0,0,470,0,1,0,0
472,3139-3145,7,PSEUDO_DRIFT,2/5,0.2857142857142857,0.6959999799728394,3139,3145,0.2412372151440522,1.0,REAL_DRIFT,3,REAL_DRIFT,PSEUDO_DRIFT,PSEUDO_DRIFT,0,1,0,0,470,0,0,1,0
473,3146-3152,7,REAL_DRIFT,6/1,0.8571428571428571,0.6639999747276306,3146,3152,0.5805325173778015,1.0,REAL_DRIFT,2,REAL_DRIFT,PSEUDO_DRIFT,REAL_DRIFT,0,1,0,0,470,0,1,0,0
474,3153-3159,7,PSEUDO_DRIFT,0/7,0.0,0.7120000123977661,3153,3159,0.0964338255024564,0.5,PSEUDO_DRIFT,2,PSEUDO_DRIFT,PSEUDO_DRIFT,PSEUDO_DRIFT,0,0,1,0,470,0,0,1,0
475,3160-3166,7,REAL_DRIFT,7/0,1.0,0.7039999961853027,3160,3166,0.6515969130435829,1.0,REAL_DRIFT,2,REAL_DRIFT,PSEUDO_DRIFT,REAL_DRIFT,0,1,0,0,470,0,1,0,0
476,3167-3173,7,PSEUDO_DRIFT,1/6,0.1428571428571428,0.6840000152587891,3167,3173,0.1811933116713242,0.5,PSEUDO_DRIFT,2,PSEUDO_DRIFT,PSEUDO_DRIFT,PSEUDO_DRIFT,0,0,1,0,475,0,0,1,0
477,3174-3180,7,REAL_DRIFT,5/2,0.7142857142857143,0.699999988079071,3174,3180,0.5204284078886308,0.6666666666666666,REAL_DRIFT,3,REAL_DRIFT,PSEUDO_DRIFT,REAL_DRIFT,0,1,0,0,475,0,1,0,0
478,3181-3187,7,PSEUDO_DRIFT,3/4,0.4285714285714285,0.6959999799728394,3181,3187,0.3445693484251056,0.5,PSEUDO_DRIFT,2,PSEUDO_DRIFT,PSEUDO_DRIFT,PSEUDO_DRIFT,0,0,1,0,475,0,0,1,0
479,3188-3194,7,PSEUDO_DRIFT,3/4,0.4285714285714285,0.671999990940094,3188,3194,0.3425675256992112,0.5,PSEUDO_DRIFT,2,PSEUDO_DRIFT,PSEUDO_DRIFT,PSEUDO_DRIFT,0,0,1,0,475,0,0,1,0
480,3195-3201,7,REAL_DRIFT,5/2,0.7142857142857143,0.656000018119812,3195,3201,0.5657205625473791,0.5,PSEUDO_DRIFT,2,PSEUDO_DRIFT,PSEUDO_DRIFT,REAL_DRIFT,0,0,1,0,475,0,1,0,0
481,3202-3208,7,PSEUDO_DRIFT,1/6,0.1428571428571428,0.7279999852180481,3202,3208,0.1644471557622644,0.5,PSEUDO_DRIFT,2,PSEUDO_DRIFT,PSEUDO_DRIFT,PSEUDO_DRIFT,0,0,1,0,480,0,0,1,0
482,3209-3215,7,REAL_DRIFT,7/0,1.0,0.5,3209,3215,0.5703137185418911,1.0,REAL_DRIFT,3,REAL_DRIFT,REAL_DRIFT,REAL_DRIFT,1,0,0,0,480,1,0,0,0
483,3216-3222,7,PSEUDO_DRIFT,0/7,0.0,0.1679999977350235,3216,3222,0.1326929601956421,1.0,REAL_DRIFT,2,REAL_DRIFT,REAL_DRIFT,PSEUDO_DRIFT,1,0,0,0,480,0,0,0,1
484,3223-3229,7,REAL_DRIFT,6/1,0.8571428571428571,0.5879999995231628,3223,3229,0.5193570354715568,1.0,REAL_DRIFT,2,REAL_DRIFT,PSEUDO_DRIFT,REAL_DRIFT,0,1,0,0,480,0,1,0,0
485,3230-3236,7,PSEUDO_DRIFT,2/5,0.2857142857142857,0.5839999914169312,3230,3236,0.1790226247088996,0.5,PSEUDO_DRIFT,2,PSEUDO_DRIFT,PSEUDO_DRIFT,PSEUDO_DRIFT,0,0,1,0,480,0,0,1,0
486,3237-3243,7,REAL_DRIFT,4/3,0.5714285714285714,0.1959999948740005,3237,3243,0.4413842587431548,0.5,PSEUDO_DRIFT,2,PSEUDO_DRIFT,REAL_DRIFT,REAL_DRIFT,0,0,0,1,485,1,0,0,0
487,3244-3250,7,REAL_DRIFT,4/3,0.5714285714285714,0.4639999866485595,3244,3250,0.4454176486805557,0.6666666666666666,REAL_DRIFT,3,REAL_DRIFT,REAL_DRIFT,REAL_DRIFT,1,0,0,0,485,1,0,0,0
488,3251-3257,7,PSEUDO_DRIFT,2/5,0.2857142857142857,0.7120000123977661,3251,3257,0.260470273617497,0.5,PSEUDO_DRIFT,2,PSEUDO_DRIFT,PSEUDO_DRIFT,PSEUDO_DRIFT,0,0,1,0,485,0,0,1,0
489,3258-3264,7,REAL_DRIFT,6/1,0.8571428571428571,0.2119999974966049,3258,3264,0.6127298019105802,1.0,REAL_DRIFT,2,REAL_DRIFT,REAL_DRIFT,REAL_DRIFT,1,0,0,0,485,1,0,0,0
490,3265-3271,7,PSEUDO_DRIFT,0/7,0.0,0.3759999871253967,3265,3271,0.1164029126859137,0.5,PSEUDO_DRIFT,2,PSEUDO_DRIFT,REAL_DRIFT,PSEUDO_DRIFT,0,0,0,1,485,0,0,0,1
491,3272-3278,7,REAL_DRIFT,7/0,1.0,0.6679999828338623,3272,3278,0.5496474607099499,1.0,REAL_DRIFT,2,REAL_DRIFT,PSEUDO_DRIFT,REAL_DRIFT,0,1,0,0,490,0,1,0,0
492,3279-3285,7,PSEUDO_DRIFT,1/6,0.1428571428571428,0.3000000119209289,3279,3285,0.1436747116222322,0.6666666666666666,REAL_DRIFT,3,REAL_DRIFT,REAL_DRIFT,PSEUDO_DRIFT,1,0,0,0,490,0,0,0,1
493,3286-3292,7,REAL_DRIFT,5/2,0.7142857142857143,0.2840000092983246,3286,3292,0.5513929294724227,1.0,REAL_DRIFT,2,REAL_DRIFT,REAL_DRIFT,REAL_DRIFT,1,0,0,0,490,1,0,0,0
494,3293-3299,7,PSEUDO_DRIFT,3/4,0.4285714285714285,0.6880000233650208,3293,3299,0.3453535122352326,1.0,REAL_DRIFT,2,REAL_DRIFT,PSEUDO_DRIFT,PSEUDO_DRIFT,0,1,0,0,490,0,0,1,0
495,3300-3306,7,PSEUDO_DRIFT,3/4,0.4285714285714285,0.3440000116825104,3300,3306,0.3646964867872216,1.0,REAL_DRIFT,2,REAL_DRIFT,REAL_DRIFT,PSEUDO_DRIFT,1,0,0,0,490,0,0,0,1
496,3307-3313,7,REAL_DRIFT,5/2,0.7142857142857143,0.2080000042915344,3307,3313,0.5582975493451673,1.0,REAL_DRIFT,2,REAL_DRIFT,REAL_DRIFT,REAL_DRIFT,1,0,0,0,495,1,0,0,0
497,3314-3320,7,PSEUDO_DRIFT,1/6,0.1428571428571428,0.6919999718666077,3314,3320,0.1670491891040919,0.6666666666666666,REAL_DRIFT,3,REAL_DRIFT,PSEUDO_DRIFT,PSEUDO_DRIFT,0,1,0,0,495,0,0,1,0
498,3321-3327,7,REAL_DRIFT,7/0,1.0,0.4839999973773956,3321,3327,0.6859156896574043,1.0,REAL_DRIFT,2,REAL_DRIFT,REAL_DRIFT,REAL_DRIFT,1,0,0,0,495,1,0,0,0
499,3328-3334,7,PSEUDO_DRIFT,0/7,0.0,0.2440000027418136,3328,3334,0.1400837206366527,0.5,PSEUDO_DRIFT,2,PSEUDO_DRIFT,REAL_DRIFT,PSEUDO_DRIFT,0,0,0,1,495,0,0,0,1
500,3335-3341,7,REAL_DRIFT,6/1,0.8571428571428571,0.5759999752044678,3335,3341,0.5721915268073768,1.0,REAL_DRIFT,2,REAL_DRIFT,PSEUDO_DRIFT,REAL_DRIFT,0,1,0,0,495,0,1,0,0
501,3342-3348,7,PSEUDO_DRIFT,2/5,0.2857142857142857,0.6079999804496765,3342,3348,0.2525147786552609,0.5,PSEUDO_DRIFT,2,PSEUDO_DRIFT,PSEUDO_DRIFT,PSEUDO_DRIFT,0,0,1,0,500,0,0,1,0
502,3349-3355,7,REAL_DRIFT,4/3,0.5714285714285714,0.1840000003576278,3349,3355,0.428807637111466,0.6666666666666666,REAL_DRIFT,3,REAL_DRIFT,REAL_DRIFT,REAL_DRIFT,1,0,0,0,500,1,0,0,0
503,3356-3362,7,REAL_DRIFT,4/3,0.5714285714285714,0.4959999918937683,3356,3362,0.4571076935268611,0.5,PSEUDO_DRIFT,2,PSEUDO_DRIFT,REAL_DRIFT,REAL_DRIFT,0,0,0,1,500,1,0,0,0
504,3363-3369,7,PSEUDO_DRIFT,2/5,0.2857142857142857,0.6919999718666077,3363,3369,0.2205422784292356,0.5,PSEUDO_DRIFT,2,PSEUDO_DRIFT,PSEUDO_DRIFT,PSEUDO_DRIFT,0,0,1,0,500,0,0,1,0
505,3370-3376,7,REAL_DRIFT,6/1,0.8571428571428571,0.2440000027418136,3370,3376,0.6021954250095024,1.0,REAL_DRIFT,2,REAL_DRIFT,REAL_DRIFT,REAL_DRIFT,1,0,0,0,500,1,0,0,0
506,3377-3383,7,PSEUDO_DRIFT,0/7,0.0,0.4040000140666961,3377,3383,0.1466082746065136,1.0,REAL_DRIFT,2,REAL_DRIFT,REAL_DRIFT,PSEUDO_DRIFT,1,0,0,0,505,0,0,0,1
507,3384-3390,7,REAL_DRIFT,7/0,1.0,0.6520000100135803,3384,3390,0.5750133395032957,1.0,REAL_DRIFT,3,REAL_DRIFT,PSEUDO_DRIFT,REAL_DRIFT,0,1,0,0,505,0,1,0,0
508,3391-3397,7,PSEUDO_DRIFT,1/6,0.1428571428571428,0.328000009059906,3391,3397,0.1723366028853863,0.5,PSEUDO_DRIFT,2,PSEUDO_DRIFT,REAL_DRIFT,PSEUDO_DRIFT,0,0,0,1,505,0,0,0,1
509,3398-3404,7,REAL_DRIFT,5/2,0.7142857142857143,0.2960000038146972,3398,3404,0.4751502274179268,0.5,PSEUDO_DRIFT,2,PSEUDO_DRIFT,REAL_DRIFT,REAL_DRIFT,0,0,0,1,505,1,0,0,0
510,3405-3411,7,PSEUDO_DRIFT,3/4,0.4285714285714285,0.6919999718666077,3405,3411,0.265849825015167,0.5,PSEUDO_DRIFT,2,PSEUDO_DRIFT,PSEUDO_DRIFT,PSEUDO_DRIFT,0,0,1,0,505,0,0,1,0
511,3412-3418,7,PSEUDO_DRIFT,3/4,0.4285714285714285,0.3840000033378601,3412,3418,0.2926523579555611,0.5,PSEUDO_DRIFT,2,PSEUDO_DRIFT,REAL_DRIFT,PSEUDO_DRIFT,0,0,0,1,510,0,0,0,1
512,3419-3425,7,REAL_DRIFT,5/2,0.7142857142857143,0.1439999938011169,3419,3425,0.4333983393988658,0.6666666666666666,REAL_DRIFT,3,REAL_DRIFT,REAL_DRIFT,REAL_DRIFT,1,0,0,0,510,1,0,0,0
513,3426-3432,7,PSEUDO_DRIFT,1/6,0.1428571428571428,0.6919999718666077,3426,3432,0.1849075871555584,0.5,PSEUDO_DRIFT,2,PSEUDO_DRIFT,PSEUDO_DRIFT,PSEUDO_DRIFT,0,0,1,0,510,0,0,1,0
514,3433-3439,7,REAL_DRIFT,7/0,1.0,0.4880000054836273,3433,3439,0.6740944866978016,1.0,REAL_DRIFT,2,REAL_DRIFT,REAL_DRIFT,REAL_DRIFT,1,0,0,0,510,1,0,0,0
515,3440-3446,7,PSEUDO_DRIFT,0/7,0.0,0.2280000001192093,3440,3446,0.0836861578610292,0.5,PSEUDO_DRIFT,2,PSEUDO_DRIFT,REAL_DRIFT,PSEUDO_DRIFT,0,0,0,1,510,0,0,0,1
516,3447-3453,7,REAL_DRIFT,6/1,0.8571428571428571,0.5879999995231628,3447,3453,0.5291585846734311,1.0,REAL_DRIFT,2,REAL_DRIFT,PSEUDO_DRIFT,REAL_DRIFT,0,1,0,0,515,0,1,0,0
517,3454-3460,7,PSEUDO_DRIFT,2/5,0.2857142857142857,0.5199999809265137,3454,3460,0.2314479125801448,1.0,REAL_DRIFT,3,REAL_DRIFT,PSEUDO_DRIFT,PSEUDO_DRIFT,0,1,0,0,515,0,0,1,0
518,3461-3467,7,REAL_DRIFT,4/3,0.5714285714285714,0.1400000005960464,3461,3467,0.440258699118333,1.0,REAL_DRIFT,2,REAL_DRIFT,REAL_DRIFT,REAL_DRIFT,1,0,0,0,515,1,0,0,0
519,3468-3474,7,REAL_DRIFT,4/3,0.5714285714285714,0.4720000028610229,3468,3474,0.46051354035735,1.0,REAL_DRIFT,2,REAL_DRIFT,REAL_DRIFT,REAL_DRIFT,1,0,0,0,515,1,0,0,0
520,3475-3481,7,PSEUDO_DRIFT,2/5,0.2857142857142857,0.6240000128746033,3475,3481,0.2183472884854851,0.5,PSEUDO_DRIFT,2,PSEUDO_DRIFT,PSEUDO_DRIFT,PSEUDO_DRIFT,0,0,1,0,515,0,0,1,0
521,3482-3488,7,REAL_DRIFT,6/1,0.8571428571428571,0.1959999948740005,3482,3488,0.5773361612109877,1.0,REAL_DRIFT,2,REAL_DRIFT,REAL_DRIFT,REAL_DRIFT,1,0,0,0,520,1,0,0,0
522,3489-3495,7,PSEUDO_DRIFT,0/7,0.0,0.3720000088214874,3489,3495,0.1583649299659042,0.6666666666666666,REAL_DRIFT,3,REAL_DRIFT,REAL_DRIFT,PSEUDO_DRIFT,1,0,0,0,520,0,0,0,1
523,3496-3502,7,REAL_DRIFT,7/0,1.0,0.7519999742507935,3496,3502,0.6633782599456364,1.0,REAL_DRIFT,2,REAL_DRIFT,PSEUDO_DRIFT,REAL_DRIFT,0,1,0,0,520,0,1,0,0
524,3503-3509,7,PSEUDO_DRIFT,1/6,0.1428571428571428,0.2800000011920929,3503,3509,0.1893878468557893,0.5,PSEUDO_DRIFT,2,PSEUDO_DRIFT,REAL_DRIFT,PSEUDO_DRIFT,0,0,0,1,520,0,0,0,1
525,3510-3516,7,REAL_DRIFT,5/2,0.7142857142857143,0.2879999876022339,3510,3516,0.4530511450227609,1.0,REAL_DRIFT,2,REAL_DRIFT,REAL_DRIFT,REAL_DRIFT,1,0,0,0,520,1,0,0,0
526,3517-3523,7,PSEUDO_DRIFT,3/4,0.4285714285714285,0.6880000233650208,3517,3523,0.2809243604804987,0.5,PSEUDO_DRIFT,2,PSEUDO_DRIFT,PSEUDO_DRIFT,PSEUDO_DRIFT,0,0,1,0,525,0,0,1,0
527,3524-3530,7,PSEUDO_DRIFT,3/4,0.4285714285714285,0.356000006198883,3524,3530,0.3069064236833467,0.6666666666666666,REAL_DRIFT,3,REAL_DRIFT,REAL_DRIFT,PSEUDO_DRIFT,1,0,0,0,525,0,0,0,1
528,3531-3537,7,REAL_DRIFT,5/2,0.7142857142857143,0.1879999935626983,3531,3537,0.4950280356042786,1.0,REAL_DRIFT,2,REAL_DRIFT,REAL_DRIFT,REAL_DRIFT,1,0,0,0,525,1,0,0,0
529,3538-3544,7,PSEUDO_DRIFT,1/6,0.1428571428571428,0.7239999771118164,3538,3544,0.1395305137248269,1.0,REAL_DRIFT,2,REAL_DRIFT,PSEUDO_DRIFT,PSEUDO_DRIFT,0,1,0,0,525,0,0,1,0
530,3545-3551,7,REAL_DRIFT,7/0,1.0,0.4600000083446502,3545,3551,0.5809162536488953,1.0,REAL_DRIFT,2,REAL_DRIFT,REAL_DRIFT,REAL_DRIFT,1,0,0,0,525,1,0,0,0
531,3552-3558,7,PSEUDO_DRIFT,0/7,0.0,0.1720000058412552,3552,3558,0.1296276742210618,0.5,PSEUDO_DRIFT,2,PSEUDO_DRIFT,REAL_DRIFT,PSEUDO_DRIFT,0,0,0,1,530,0,0,0,1
532,3559-3565,7,REAL_DRIFT,6/1,0.8571428571428571,0.6000000238418579,3559,3565,0.5903055182859784,0.6666666666666666,REAL_DRIFT,3,REAL_DRIFT,PSEUDO_DRIFT,REAL_DRIFT,0,1,0,0,530,0,1,0,0
533,3566-3572,7,PSEUDO_DRIFT,2/5,0.2857142857142857,0.5479999780654907,3566,3572,0.2458945653125895,0.5,PSEUDO_DRIFT,2,PSEUDO_DRIFT,PSEUDO_DRIFT,PSEUDO_DRIFT,0,0,1,0,530,0,0,1,0
534,3573-3579,7,REAL_DRIFT,4/3,0.5714285714285714,0.2280000001192093,3573,3579,0.44504713221948,0.5,PSEUDO_DRIFT,2,PSEUDO_DRIFT,REAL_DRIFT,REAL_DRIFT,0,0,0,1,530,1,0,0,0
535,3580-3586,7,REAL_DRIFT,4/3,0.5714285714285714,0.4720000028610229,3580,3586,0.4504370220906225,0.5,PSEUDO_DRIFT,2,PSEUDO_DRIFT,REAL_DRIFT,REAL_DRIFT,0,0,0,1,530,1,0,0,0
536,3587-3593,7,PSEUDO_DRIFT,2/5,0.2857142857142857,0.671999990940094,3587,3593,0.3080714354539433,0.5,PSEUDO_DRIFT,2,PSEUDO_DRIFT,PSEUDO_DRIFT,PSEUDO_DRIFT,0,0,1,0,535,0,0,1,0
