window_id,blocks_range,window_size,drift_type,real_pseudo,drift_ratio,accuracy,adaptive_prediction,ground_truth,Fixed threhold prediction,TP,FP,TN,FN,block_group,TP1,FP1,TN1,FN1
1,0-4,5,PSEUDO_DRIFT,0/5,0.0,0.6079999804496765,PSEUDO_DRIFT,PSEUDO_DRIFT,PSEUDO_DRIFT,0,0,1,0,0,0,0,1,0
2,5-9,5,PSEUDO_DRIFT,0/5,0.0,0.6800000071525574,PSEUDO_DRIFT,PSEUDO_DRIFT,PSEUDO_DRIFT,0,0,1,0,0,0,0,1,0
3,10-14,5,PSEUDO_DRIFT,0/5,0.0,0.5920000076293945,PSEUDO_DRIFT,PSEUDO_DRIFT,PSEUDO_DRIFT,0,0,1,0,0,0,0,1,0
4,15-19,5,PSEUDO_DRIFT,0/5,0.0,0.6200000047683716,PSEUDO_DRIFT,PSEUDO_DRIFT,PSEUDO_DRIFT,0,0,1,0,0,0,0,1,0
5,20-24,5,PSEUDO_DRIFT,0/5,0.0,0.6320000290870667,PSEUDO_DRIFT,PSEUDO_DRIFT,PSEUDO_DRIFT,0,0,1,0,0,0,0,1,0
6,25-29,5,PSEUDO_DRIFT,0/5,0.0,0.6600000262260437,PSEUDO_DRIFT,PSEUDO_DRIFT,PSEUDO_DRIFT,0,0,1,0,0,0,0,1,0
7,30-34,5,PSEUDO_DRIFT,0/5,0.0,0.6200000047683716,PSEUDO_DRIFT,PSEUDO_DRIFT,PSEUDO_DRIFT,0,0,1,0,0,0,0,1,0
8,35-39,5,PSEUDO_DRIFT,0/5,0.0,0.6439999938011169,PSEUDO_DRIFT,PSEUDO_DRIFT,PSEUDO_DRIFT,0,0,1,0,0,0,0,1,0
9,40-44,5,PSEUDO_DRIFT,0/5,0.0,0.6159999966621399,PSEUDO_DRIFT,PSEUDO_DRIFT,PSEUDO_DRIFT,0,0,1,0,0,0,0,1,0
10,45-49,5,PSEUDO_DRIFT,0/5,0.0,0.5759999752044678,PSEUDO_DRIFT,PSEUDO_DRIFT,PSEUDO_DRIFT,0,0,1,0,0,0,0,1,0
11,50-54,5,PSEUDO_DRIFT,0/5,0.0,0.6119999885559082,PSEUDO_DRIFT,PSEUDO_DRIFT,PSEUDO_DRIFT,0,0,1,0,0,0,0,1,0
12,55-59,5,PSEUDO_DRIFT,0/5,0.0,0.6439999938011169,PSEUDO_DRIFT,PSEUDO_DRIFT,PSEUDO_DRIFT,0,0,1,0,0,0,0,1,0
13,60-64,5,PSEUDO_DRIFT,0/5,0.0,0.5799999833106995,PSEUDO_DRIFT,PSEUDO_DRIFT,PSEUDO_DRIFT,0,0,1,0,0,0,0,1,0
14,65-69,5,PSEUDO_DRIFT,0/5,0.0,0.628000020980835,PSEUDO_DRIFT,PSEUDO_DRIFT,PSEUDO_DRIFT,0,0,1,0,0,0,0,1,0
15,70-74,5,PSEUDO_DRIFT,0/5,0.0,0.6439999938011169,PSEUDO_DRIFT,PSEUDO_DRIFT,PSEUDO_DRIFT,0,0,1,0,0,0,0,1,0
16,75-79,5,PSEUDO_DRIFT,0/5,0.0,0.6000000238418579,PSEUDO_DRIFT,PSEUDO_DRIFT,PSEUDO_DRIFT,0,0,1,0,15,0,0,1,0
17,80-84,5,PSEUDO_DRIFT,0/5,0.0,0.6320000290870667,PSEUDO_DRIFT,PSEUDO_DRIFT,PSEUDO_DRIFT,0,0,1,0,15,0,0,1,0
18,85-89,5,PSEUDO_DRIFT,0/5,0.0,0.6359999775886536,PSEUDO_DRIFT,PSEUDO_DRIFT,PSEUDO_DRIFT,0,0,1,0,15,0,0,1,0
19,90-94,5,PSEUDO_DRIFT,0/5,0.0,0.5879999995231628,PSEUDO_DRIFT,PSEUDO_DRIFT,PSEUDO_DRIFT,0,0,1,0,15,0,0,1,0
20,95-99,5,PSEUDO_DRIFT,0/5,0.0,0.656000018119812,PSEUDO_DRIFT,PSEUDO_DRIFT,PSEUDO_DRIFT,0,0,1,0,15,0,0,1,0
21,100-104,5,REAL_DRIFT,5/0,1.0,0.19200000166893,REAL_DRIFT,REAL_DRIFT,REAL_DRIFT,1,0,0,0,15,1,0,0,0
22,105-109,5,REAL_DRIFT,5/0,1.0,0.1720000058412552,REAL_DRIFT,REAL_DRIFT,REAL_DRIFT,1,0,0,0,15,1,0,0,0
23,110-114,5,REAL_DRIFT,5/0,1.0,0.2360000014305114,REAL_DRIFT,REAL_DRIFT,REAL_DRIFT,1,0,0,0,15,1,0,0,0
24,115-119,5,REAL_DRIFT,5/0,1.0,0.164000004529953,REAL_DRIFT,REAL_DRIFT,REAL_DRIFT,1,0,0,0,15,1,0,0,0
25,120-124,5,REAL_DRIFT,5/0,1.0,0.2000000029802322,REAL_DRIFT,REAL_DRIFT,REAL_DRIFT,1,0,0,0,15,1,0,0,0
26,125-129,5,REAL_DRIFT,5/0,1.0,0.2039999961853027,REAL_DRIFT,REAL_DRIFT,REAL_DRIFT,1,0,0,0,15,1,0,0,0
27,130-134,5,REAL_DRIFT,5/0,1.0,0.2039999961853027,REAL_DRIFT,REAL_DRIFT,REAL_DRIFT,1,0,0,0,15,1,0,0,0
28,135-139,5,REAL_DRIFT,5/0,1.0,0.1560000032186508,REAL_DRIFT,REAL_DRIFT,REAL_DRIFT,1,0,0,0,15,1,0,0,0
29,140-144,5,REAL_DRIFT,5/0,1.0,0.1360000073909759,REAL_DRIFT,REAL_DRIFT,REAL_DRIFT,1,0,0,0,15,1,0,0,0
30,145-149,5,REAL_DRIFT,5/0,1.0,0.1759999990463256,REAL_DRIFT,REAL_DRIFT,REAL_DRIFT,1,0,0,0,15,1,0,0,0
31,150-153,4,REAL_DRIFT,4/0,1.0,0.2240000069141388,REAL_DRIFT,REAL_DRIFT,REAL_DRIFT,1,0,0,0,30,1,0,0,0
32,154-157,4,REAL_DRIFT,4/0,1.0,0.1959999948740005,REAL_DRIFT,REAL_DRIFT,REAL_DRIFT,1,0,0,0,30,1,0,0,0
33,158-161,4,REAL_DRIFT,4/0,1.0,0.2039999961853027,REAL_DRIFT,REAL_DRIFT,REAL_DRIFT,1,0,0,0,30,1,0,0,0
34,162-165,4,REAL_DRIFT,4/0,1.0,0.2440000027418136,REAL_DRIFT,REAL_DRIFT,REAL_DRIFT,1,0,0,0,30,1,0,0,0
35,166-169,4,REAL_DRIFT,4/0,1.0,0.1759999990463256,REAL_DRIFT,REAL_DRIFT,REAL_DRIFT,1,0,0,0,30,1,0,0,0
36,170-173,4,REAL_DRIFT,4/0,1.0,0.1959999948740005,REAL_DRIFT,REAL_DRIFT,REAL_DRIFT,1,0,0,0,30,1,0,0,0
37,174-177,4,REAL_DRIFT,4/0,1.0,0.1959999948740005,REAL_DRIFT,REAL_DRIFT,REAL_DRIFT,1,0,0,0,30,1,0,0,0
38,178-181,4,REAL_DRIFT,4/0,1.0,0.1840000003576278,REAL_DRIFT,REAL_DRIFT,REAL_DRIFT,1,0,0,0,30,1,0,0,0
39,182-185,4,REAL_DRIFT,4/0,1.0,0.164000004529953,REAL_DRIFT,REAL_DRIFT,REAL_DRIFT,1,0,0,0,30,1,0,0,0
40,186-189,4,REAL_DRIFT,4/0,1.0,0.2520000040531158,REAL_DRIFT,REAL_DRIFT,REAL_DRIFT,1,0,0,0,30,1,0,0,0
41,190-192,3,REAL_DRIFT,3/0,1.0,0.6359999775886536,REAL_DRIFT,PSEUDO_DRIFT,PSEUDO_DRIFT,0,1,0,0,30,0,0,1,0
42,193-195,3,REAL_DRIFT,3/0,1.0,0.5759999752044678,REAL_DRIFT,PSEUDO_DRIFT,PSEUDO_DRIFT,0,1,0,0,30,0,0,1,0
43,196-198,3,REAL_DRIFT,3/0,1.0,0.6480000019073486,REAL_DRIFT,PSEUDO_DRIFT,PSEUDO_DRIFT,0,1,0,0,30,0,0,1,0
44,199-201,3,PSEUDO_DRIFT,1/2,0.3333333333333333,0.6119999885559082,PSEUDO_DRIFT,PSEUDO_DRIFT,PSEUDO_DRIFT,0,0,1,0,30,0,0,1,0
45,202-204,3,PSEUDO_DRIFT,0/3,0.0,0.5920000076293945,PSEUDO_DRIFT,PSEUDO_DRIFT,PSEUDO_DRIFT,0,0,1,0,30,0,0,1,0
46,205-207,3,PSEUDO_DRIFT,0/3,0.0,0.6359999775886536,PSEUDO_DRIFT,PSEUDO_DRIFT,PSEUDO_DRIFT,0,0,1,0,45,0,0,1,0
47,208-210,3,PSEUDO_DRIFT,0/3,0.0,0.6000000238418579,PSEUDO_DRIFT,PSEUDO_DRIFT,PSEUDO_DRIFT,0,0,1,0,45,0,0,1,0
48,211-213,3,PSEUDO_DRIFT,0/3,0.0,0.5799999833106995,PSEUDO_DRIFT,PSEUDO_DRIFT,PSEUDO_DRIFT,0,0,1,0,45,0,0,1,0
49,214-216,3,PSEUDO_DRIFT,0/3,0.0,0.6480000019073486,PSEUDO_DRIFT,PSEUDO_DRIFT,PSEUDO_DRIFT,0,0,1,0,45,0,0,1,0
50,217-219,3,PSEUDO_DRIFT,0/3,0.0,0.5799999833106995,PSEUDO_DRIFT,PSEUDO_DRIFT,PSEUDO_DRIFT,0,0,1,0,45,0,0,1,0
51,220-222,3,PSEUDO_DRIFT,0/3,0.0,0.6320000290870667,PSEUDO_DRIFT,PSEUDO_DRIFT,PSEUDO_DRIFT,0,0,1,0,45,0,0,1,0
52,223-225,3,PSEUDO_DRIFT,0/3,0.0,0.6359999775886536,PSEUDO_DRIFT,PSEUDO_DRIFT,PSEUDO_DRIFT,0,0,1,0,45,0,0,1,0
53,226-228,3,PSEUDO_DRIFT,0/3,0.0,0.6079999804496765,PSEUDO_DRIFT,PSEUDO_DRIFT,PSEUDO_DRIFT,0,0,1,0,45,0,0,1,0
54,229-232,4,PSEUDO_DRIFT,0/4,0.0,0.6320000290870667,PSEUDO_DRIFT,PSEUDO_DRIFT,PSEUDO_DRIFT,0,0,1,0,45,0,0,1,0
55,233-236,4,PSEUDO_DRIFT,0/4,0.0,0.6200000047683716,PSEUDO_DRIFT,PSEUDO_DRIFT,PSEUDO_DRIFT,0,0,1,0,45,0,0,1,0
56,237-240,4,PSEUDO_DRIFT,0/4,0.0,0.5600000023841858,PSEUDO_DRIFT,PSEUDO_DRIFT,PSEUDO_DRIFT,0,0,1,0,45,0,0,1,0
57,241-244,4,PSEUDO_DRIFT,0/4,0.0,0.628000020980835,PSEUDO_DRIFT,PSEUDO_DRIFT,PSEUDO_DRIFT,0,0,1,0,45,0,0,1,0
58,245-248,4,PSEUDO_DRIFT,0/4,0.0,0.6320000290870667,PSEUDO_DRIFT,PSEUDO_DRIFT,PSEUDO_DRIFT,0,0,1,0,45,0,0,1,0
59,249-252,4,PSEUDO_DRIFT,0/4,0.0,0.6039999723434448,PSEUDO_DRIFT,PSEUDO_DRIFT,PSEUDO_DRIFT,0,0,1,0,45,0,0,1,0
60,253-256,4,PSEUDO_DRIFT,0/4,0.0,0.5799999833106995,PSEUDO_DRIFT,PSEUDO_DRIFT,PSEUDO_DRIFT,0,0,1,0,45,0,0,1,0
61,257-260,4,PSEUDO_DRIFT,0/4,0.0,0.656000018119812,PSEUDO_DRIFT,PSEUDO_DRIFT,PSEUDO_DRIFT,0,0,1,0,60,0,0,1,0
62,261-264,4,PSEUDO_DRIFT,0/4,0.0,0.656000018119812,PSEUDO_DRIFT,PSEUDO_DRIFT,PSEUDO_DRIFT,0,0,1,0,60,0,0,1,0
63,265-268,4,PSEUDO_DRIFT,0/4,0.0,0.671999990940094,PSEUDO_DRIFT,PSEUDO_DRIFT,PSEUDO_DRIFT,0,0,1,0,60,0,0,1,0
64,269-273,5,PSEUDO_DRIFT,0/5,0.0,0.6079999804496765,PSEUDO_DRIFT,PSEUDO_DRIFT,PSEUDO_DRIFT,0,0,1,0,60,0,0,1,0
65,274-278,5,PSEUDO_DRIFT,0/5,0.0,0.6159999966621399,PSEUDO_DRIFT,PSEUDO_DRIFT,PSEUDO_DRIFT,0,0,1,0,60,0,0,1,0
66,279-283,5,PSEUDO_DRIFT,0/5,0.0,0.6520000100135803,PSEUDO_DRIFT,PSEUDO_DRIFT,PSEUDO_DRIFT,0,0,1,0,60,0,0,1,0
67,284-288,5,PSEUDO_DRIFT,0/5,0.0,0.6359999775886536,PSEUDO_DRIFT,PSEUDO_DRIFT,PSEUDO_DRIFT,0,0,1,0,60,0,0,1,0
68,289-293,5,PSEUDO_DRIFT,0/5,0.0,0.6639999747276306,PSEUDO_DRIFT,PSEUDO_DRIFT,PSEUDO_DRIFT,0,0,1,0,60,0,0,1,0
69,294-298,5,PSEUDO_DRIFT,0/5,0.0,0.6359999775886536,PSEUDO_DRIFT,PSEUDO_DRIFT,PSEUDO_DRIFT,0,0,1,0,60,0,0,1,0
70,299-303,5,PSEUDO_DRIFT,0/5,0.0,0.6200000047683716,PSEUDO_DRIFT,PSEUDO_DRIFT,PSEUDO_DRIFT,0,0,1,0,60,0,0,1,0
71,304-308,5,PSEUDO_DRIFT,0/5,0.0,0.6759999990463257,PSEUDO_DRIFT,PSEUDO_DRIFT,PSEUDO_DRIFT,0,0,1,0,60,0,0,1,0
72,309-313,5,PSEUDO_DRIFT,0/5,0.0,0.656000018119812,PSEUDO_DRIFT,PSEUDO_DRIFT,PSEUDO_DRIFT,0,0,1,0,60,0,0,1,0
73,314-318,5,PSEUDO_DRIFT,0/5,0.0,0.6359999775886536,PSEUDO_DRIFT,PSEUDO_DRIFT,PSEUDO_DRIFT,0,0,1,0,60,0,0,1,0
74,319-323,5,PSEUDO_DRIFT,0/5,0.0,0.5839999914169312,PSEUDO_DRIFT,PSEUDO_DRIFT,PSEUDO_DRIFT,0,0,1,0,60,0,0,1,0
75,324-328,5,PSEUDO_DRIFT,0/5,0.0,0.6359999775886536,PSEUDO_DRIFT,PSEUDO_DRIFT,PSEUDO_DRIFT,0,0,1,0,60,0,0,1,0
76,329-333,5,PSEUDO_DRIFT,0/5,0.0,0.671999990940094,PSEUDO_DRIFT,PSEUDO_DRIFT,PSEUDO_DRIFT,0,0,1,0,75,0,0,1,0
77,334-338,5,PSEUDO_DRIFT,0/5,0.0,0.6159999966621399,PSEUDO_DRIFT,PSEUDO_DRIFT,PSEUDO_DRIFT,0,0,1,0,75,0,0,1,0
78,339-343,5,PSEUDO_DRIFT,0/5,0.0,0.6159999966621399,PSEUDO_DRIFT,PSEUDO_DRIFT,PSEUDO_DRIFT,0,0,1,0,75,0,0,1,0
79,344-348,5,PSEUDO_DRIFT,0/5,0.0,0.6800000071525574,PSEUDO_DRIFT,PSEUDO_DRIFT,PSEUDO_DRIFT,0,0,1,0,75,0,0,1,0
80,349-353,5,PSEUDO_DRIFT,0/5,0.0,0.6639999747276306,PSEUDO_DRIFT,PSEUDO_DRIFT,PSEUDO_DRIFT,0,0,1,0,75,0,0,1,0
81,354-358,5,PSEUDO_DRIFT,0/5,0.0,0.5879999995231628,PSEUDO_DRIFT,PSEUDO_DRIFT,PSEUDO_DRIFT,0,0,1,0,75,0,0,1,0
82,359-363,5,PSEUDO_DRIFT,0/5,0.0,0.6159999966621399,PSEUDO_DRIFT,PSEUDO_DRIFT,PSEUDO_DRIFT,0,0,1,0,75,0,0,1,0
83,364-368,5,PSEUDO_DRIFT,0/5,0.0,0.6359999775886536,PSEUDO_DRIFT,PSEUDO_DRIFT,PSEUDO_DRIFT,0,0,1,0,75,0,0,1,0
84,369-373,5,PSEUDO_DRIFT,0/5,0.0,0.6800000071525574,PSEUDO_DRIFT,PSEUDO_DRIFT,PSEUDO_DRIFT,0,0,1,0,75,0,0,1,0
85,374-378,5,PSEUDO_DRIFT,0/5,0.0,0.6200000047683716,PSEUDO_DRIFT,PSEUDO_DRIFT,PSEUDO_DRIFT,0,0,1,0,75,0,0,1,0
86,379-383,5,PSEUDO_DRIFT,0/5,0.0,0.6119999885559082,PSEUDO_DRIFT,PSEUDO_DRIFT,PSEUDO_DRIFT,0,0,1,0,75,0,0,1,0
87,384-388,5,PSEUDO_DRIFT,0/5,0.0,0.6679999828338623,PSEUDO_DRIFT,PSEUDO_DRIFT,PSEUDO_DRIFT,0,0,1,0,75,0,0,1,0
88,389-393,5,PSEUDO_DRIFT,0/5,0.0,0.5960000157356262,PSEUDO_DRIFT,PSEUDO_DRIFT,PSEUDO_DRIFT,0,0,1,0,75,0,0,1,0
89,394-398,5,PSEUDO_DRIFT,0/5,0.0,0.6119999885559082,PSEUDO_DRIFT,PSEUDO_DRIFT,PSEUDO_DRIFT,0,0,1,0,75,0,0,1,0
90,399-403,5,PSEUDO_DRIFT,0/5,0.0,0.699999988079071,PSEUDO_DRIFT,PSEUDO_DRIFT,PSEUDO_DRIFT,0,0,1,0,75,0,0,1,0
91,404-408,5,PSEUDO_DRIFT,0/5,0.0,0.671999990940094,PSEUDO_DRIFT,PSEUDO_DRIFT,PSEUDO_DRIFT,0,0,1,0,90,0,0,1,0
92,409-413,5,PSEUDO_DRIFT,0/5,0.0,0.6039999723434448,PSEUDO_DRIFT,PSEUDO_DRIFT,PSEUDO_DRIFT,0,0,1,0,90,0,0,1,0
93,414-418,5,PSEUDO_DRIFT,0/5,0.0,0.5960000157356262,PSEUDO_DRIFT,PSEUDO_DRIFT,PSEUDO_DRIFT,0,0,1,0,90,0,0,1,0
94,419-423,5,PSEUDO_DRIFT,0/5,0.0,0.6079999804496765,PSEUDO_DRIFT,PSEUDO_DRIFT,PSEUDO_DRIFT,0,0,1,0,90,0,0,1,0
95,424-428,5,PSEUDO_DRIFT,0/5,0.0,0.6800000071525574,PSEUDO_DRIFT,PSEUDO_DRIFT,PSEUDO_DRIFT,0,0,1,0,90,0,0,1,0
96,429-433,5,PSEUDO_DRIFT,0/5,0.0,0.6159999966621399,PSEUDO_DRIFT,PSEUDO_DRIFT,PSEUDO_DRIFT,0,0,1,0,90,0,0,1,0
97,434-438,5,PSEUDO_DRIFT,0/5,0.0,0.6639999747276306,PSEUDO_DRIFT,PSEUDO_DRIFT,PSEUDO_DRIFT,0,0,1,0,90,0,0,1,0
98,439-443,5,PSEUDO_DRIFT,0/5,0.0,0.6480000019073486,PSEUDO_DRIFT,PSEUDO_DRIFT,PSEUDO_DRIFT,0,0,1,0,90,0,0,1,0
99,444-448,5,PSEUDO_DRIFT,0/5,0.0,0.6159999966621399,PSEUDO_DRIFT,PSEUDO_DRIFT,PSEUDO_DRIFT,0,0,1,0,90,0,0,1,0
100,449-453,5,PSEUDO_DRIFT,0/5,0.0,0.6200000047683716,PSEUDO_DRIFT,PSEUDO_DRIFT,PSEUDO_DRIFT,0,0,1,0,90,0,0,1,0
101,454-458,5,PSEUDO_DRIFT,0/5,0.0,0.6000000238418579,PSEUDO_DRIFT,PSEUDO_DRIFT,PSEUDO_DRIFT,0,0,1,0,90,0,0,1,0
102,459-463,5,PSEUDO_DRIFT,0/5,0.0,0.628000020980835,PSEUDO_DRIFT,PSEUDO_DRIFT,PSEUDO_DRIFT,0,0,1,0,90,0,0,1,0
103,464-468,5,PSEUDO_DRIFT,0/5,0.0,0.628000020980835,PSEUDO_DRIFT,PSEUDO_DRIFT,PSEUDO_DRIFT,0,0,1,0,90,0,0,1,0
104,469-473,5,PSEUDO_DRIFT,0/5,0.0,0.6320000290870667,PSEUDO_DRIFT,PSEUDO_DRIFT,PSEUDO_DRIFT,0,0,1,0,90,0,0,1,0
105,474-478,5,PSEUDO_DRIFT,0/5,0.0,0.6119999885559082,PSEUDO_DRIFT,PSEUDO_DRIFT,PSEUDO_DRIFT,0,0,1,0,90,0,0,1,0
106,479-483,5,PSEUDO_DRIFT,0/5,0.0,0.6320000290870667,PSEUDO_DRIFT,PSEUDO_DRIFT,PSEUDO_DRIFT,0,0,1,0,105,0,0,1,0
107,484-488,5,PSEUDO_DRIFT,0/5,0.0,0.6480000019073486,PSEUDO_DRIFT,PSEUDO_DRIFT,PSEUDO_DRIFT,0,0,1,0,105,0,0,1,0
108,489-493,5,PSEUDO_DRIFT,0/5,0.0,0.6240000128746033,PSEUDO_DRIFT,PSEUDO_DRIFT,PSEUDO_DRIFT,0,0,1,0,105,0,0,1,0
109,494-498,5,PSEUDO_DRIFT,0/5,0.0,0.6119999885559082,PSEUDO_DRIFT,PSEUDO_DRIFT,PSEUDO_DRIFT,0,0,1,0,105,0,0,1,0
110,499-503,5,PSEUDO_DRIFT,0/5,0.0,0.6359999775886536,PSEUDO_DRIFT,PSEUDO_DRIFT,PSEUDO_DRIFT,0,0,1,0,105,0,0,1,0
111,504-508,5,PSEUDO_DRIFT,0/5,0.0,0.6679999828338623,PSEUDO_DRIFT,PSEUDO_DRIFT,PSEUDO_DRIFT,0,0,1,0,105,0,0,1,0
112,509-513,5,PSEUDO_DRIFT,0/5,0.0,0.6600000262260437,PSEUDO_DRIFT,PSEUDO_DRIFT,PSEUDO_DRIFT,0,0,1,0,105,0,0,1,0
113,514-518,5,PSEUDO_DRIFT,0/5,0.0,0.6039999723434448,PSEUDO_DRIFT,PSEUDO_DRIFT,PSEUDO_DRIFT,0,0,1,0,105,0,0,1,0
114,519-523,5,PSEUDO_DRIFT,0/5,0.0,0.628000020980835,PSEUDO_DRIFT,PSEUDO_DRIFT,PSEUDO_DRIFT,0,0,1,0,105,0,0,1,0
115,524-528,5,PSEUDO_DRIFT,0/5,0.0,0.5759999752044678,PSEUDO_DRIFT,PSEUDO_DRIFT,PSEUDO_DRIFT,0,0,1,0,105,0,0,1,0
116,529-533,5,PSEUDO_DRIFT,0/5,0.0,0.6320000290870667,PSEUDO_DRIFT,PSEUDO_DRIFT,PSEUDO_DRIFT,0,0,1,0,105,0,0,1,0
117,534-538,5,PSEUDO_DRIFT,0/5,0.0,0.6600000262260437,PSEUDO_DRIFT,PSEUDO_DRIFT,PSEUDO_DRIFT,0,0,1,0,105,0,0,1,0
118,539-543,5,PSEUDO_DRIFT,0/5,0.0,0.6639999747276306,PSEUDO_DRIFT,PSEUDO_DRIFT,PSEUDO_DRIFT,0,0,1,0,105,0,0,1,0
119,544-548,5,PSEUDO_DRIFT,0/5,0.0,0.6359999775886536,PSEUDO_DRIFT,PSEUDO_DRIFT,PSEUDO_DRIFT,0,0,1,0,105,0,0,1,0
120,549-553,5,PSEUDO_DRIFT,0/5,0.0,0.5559999942779541,PSEUDO_DRIFT,PSEUDO_DRIFT,PSEUDO_DRIFT,0,0,1,0,105,0,0,1,0
121,554-558,5,PSEUDO_DRIFT,0/5,0.0,0.6439999938011169,PSEUDO_DRIFT,PSEUDO_DRIFT,PSEUDO_DRIFT,0,0,1,0,120,0,0,1,0
122,559-563,5,PSEUDO_DRIFT,0/5,0.0,0.628000020980835,PSEUDO_DRIFT,PSEUDO_DRIFT,PSEUDO_DRIFT,0,0,1,0,120,0,0,1,0
123,564-568,5,PSEUDO_DRIFT,0/5,0.0,0.5960000157356262,PSEUDO_DRIFT,PSEUDO_DRIFT,PSEUDO_DRIFT,0,0,1,0,120,0,0,1,0
124,569-573,5,PSEUDO_DRIFT,0/5,0.0,0.6759999990463257,PSEUDO_DRIFT,PSEUDO_DRIFT,PSEUDO_DRIFT,0,0,1,0,120,0,0,1,0
125,574-578,5,PSEUDO_DRIFT,0/5,0.0,0.6159999966621399,PSEUDO_DRIFT,PSEUDO_DRIFT,PSEUDO_DRIFT,0,0,1,0,120,0,0,1,0
126,579-583,5,PSEUDO_DRIFT,0/5,0.0,0.5920000076293945,PSEUDO_DRIFT,PSEUDO_DRIFT,PSEUDO_DRIFT,0,0,1,0,120,0,0,1,0
127,584-588,5,PSEUDO_DRIFT,0/5,0.0,0.6200000047683716,PSEUDO_DRIFT,PSEUDO_DRIFT,PSEUDO_DRIFT,0,0,1,0,120,0,0,1,0
128,589-593,5,PSEUDO_DRIFT,0/5,0.0,0.6119999885559082,PSEUDO_DRIFT,PSEUDO_DRIFT,PSEUDO_DRIFT,0,0,1,0,120,0,0,1,0
129,594-598,5,PSEUDO_DRIFT,0/5,0.0,0.671999990940094,PSEUDO_DRIFT,PSEUDO_DRIFT,PSEUDO_DRIFT,0,0,1,0,120,0,0,1,0
130,599-603,5,PSEUDO_DRIFT,0/5,0.0,0.6039999723434448,PSEUDO_DRIFT,PSEUDO_DRIFT,PSEUDO_DRIFT,0,0,1,0,120,0,0,1,0
131,604-608,5,PSEUDO_DRIFT,0/5,0.0,0.6320000290870667,PSEUDO_DRIFT,PSEUDO_DRIFT,PSEUDO_DRIFT,0,0,1,0,120,0,0,1,0
132,609-613,5,PSEUDO_DRIFT,0/5,0.0,0.6320000290870667,PSEUDO_DRIFT,PSEUDO_DRIFT,PSEUDO_DRIFT,0,0,1,0,120,0,0,1,0
133,614-618,5,PSEUDO_DRIFT,0/5,0.0,0.628000020980835,PSEUDO_DRIFT,PSEUDO_DRIFT,PSEUDO_DRIFT,0,0,1,0,120,0,0,1,0
134,619-623,5,PSEUDO_DRIFT,0/5,0.0,0.5960000157356262,PSEUDO_DRIFT,PSEUDO_DRIFT,PSEUDO_DRIFT,0,0,1,0,120,0,0,1,0
135,624-628,5,PSEUDO_DRIFT,0/5,0.0,0.6240000128746033,PSEUDO_DRIFT,PSEUDO_DRIFT,PSEUDO_DRIFT,0,0,1,0,120,0,0,1,0
136,629-633,5,PSEUDO_DRIFT,0/5,0.0,0.6639999747276306,PSEUDO_DRIFT,PSEUDO_DRIFT,PSEUDO_DRIFT,0,0,1,0,135,0,0,1,0
137,634-638,5,PSEUDO_DRIFT,0/5,0.0,0.656000018119812,PSEUDO_DRIFT,PSEUDO_DRIFT,PSEUDO_DRIFT,0,0,1,0,135,0,0,1,0
138,639-643,5,PSEUDO_DRIFT,0/5,0.0,0.6480000019073486,PSEUDO_DRIFT,PSEUDO_DRIFT,PSEUDO_DRIFT,0,0,1,0,135,0,0,1,0
139,644-648,5,PSEUDO_DRIFT,0/5,0.0,0.628000020980835,PSEUDO_DRIFT,PSEUDO_DRIFT,PSEUDO_DRIFT,0,0,1,0,135,0,0,1,0
140,649-653,5,PSEUDO_DRIFT,0/5,0.0,0.6439999938011169,PSEUDO_DRIFT,PSEUDO_DRIFT,PSEUDO_DRIFT,0,0,1,0,135,0,0,1,0
141,654-658,5,PSEUDO_DRIFT,0/5,0.0,0.6480000019073486,PSEUDO_DRIFT,PSEUDO_DRIFT,PSEUDO_DRIFT,0,0,1,0,135,0,0,1,0
142,659-663,5,PSEUDO_DRIFT,0/5,0.0,0.6039999723434448,PSEUDO_DRIFT,PSEUDO_DRIFT,PSEUDO_DRIFT,0,0,1,0,135,0,0,1,0
143,664-668,5,PSEUDO_DRIFT,0/5,0.0,0.6079999804496765,PSEUDO_DRIFT,PSEUDO_DRIFT,PSEUDO_DRIFT,0,0,1,0,135,0,0,1,0
144,669-673,5,PSEUDO_DRIFT,0/5,0.0,0.6439999938011169,PSEUDO_DRIFT,PSEUDO_DRIFT,PSEUDO_DRIFT,0,0,1,0,135,0,0,1,0
145,674-678,5,PSEUDO_DRIFT,0/5,0.0,0.6200000047683716,PSEUDO_DRIFT,PSEUDO_DRIFT,PSEUDO_DRIFT,0,0,1,0,135,0,0,1,0
146,679-683,5,PSEUDO_DRIFT,0/5,0.0,0.6119999885559082,PSEUDO_DRIFT,PSEUDO_DRIFT,PSEUDO_DRIFT,0,0,1,0,135,0,0,1,0
147,684-688,5,PSEUDO_DRIFT,0/5,0.0,0.6759999990463257,PSEUDO_DRIFT,PSEUDO_DRIFT,PSEUDO_DRIFT,0,0,1,0,135,0,0,1,0
148,689-693,5,PSEUDO_DRIFT,0/5,0.0,0.6079999804496765,PSEUDO_DRIFT,PSEUDO_DRIFT,PSEUDO_DRIFT,0,0,1,0,135,0,0,1,0
149,694-698,5,PSEUDO_DRIFT,0/5,0.0,0.6399999856948853,PSEUDO_DRIFT,PSEUDO_DRIFT,PSEUDO_DRIFT,0,0,1,0,135,0,0,1,0
150,699-703,5,PSEUDO_DRIFT,0/5,0.0,0.6159999966621399,PSEUDO_DRIFT,PSEUDO_DRIFT,PSEUDO_DRIFT,0,0,1,0,135,0,0,1,0
151,704-708,5,PSEUDO_DRIFT,0/5,0.0,0.5559999942779541,PSEUDO_DRIFT,PSEUDO_DRIFT,PSEUDO_DRIFT,0,0,1,0,150,0,0,1,0
152,709-713,5,PSEUDO_DRIFT,0/5,0.0,0.6200000047683716,PSEUDO_DRIFT,PSEUDO_DRIFT,PSEUDO_DRIFT,0,0,1,0,150,0,0,1,0
153,714-718,5,PSEUDO_DRIFT,0/5,0.0,0.5879999995231628,PSEUDO_DRIFT,PSEUDO_DRIFT,PSEUDO_DRIFT,0,0,1,0,150,0,0,1,0
154,719-723,5,PSEUDO_DRIFT,0/5,0.0,0.6119999885559082,PSEUDO_DRIFT,PSEUDO_DRIFT,PSEUDO_DRIFT,0,0,1,0,150,0,0,1,0
155,724-728,5,PSEUDO_DRIFT,0/5,0.0,0.6240000128746033,PSEUDO_DRIFT,PSEUDO_DRIFT,PSEUDO_DRIFT,0,0,1,0,150,0,0,1,0
156,729-733,5,PSEUDO_DRIFT,0/5,0.0,0.671999990940094,PSEUDO_DRIFT,PSEUDO_DRIFT,PSEUDO_DRIFT,0,0,1,0,150,0,0,1,0
157,734-738,5,PSEUDO_DRIFT,0/5,0.0,0.5680000185966492,PSEUDO_DRIFT,PSEUDO_DRIFT,PSEUDO_DRIFT,0,0,1,0,150,0,0,1,0
158,739-743,5,PSEUDO_DRIFT,0/5,0.0,0.6639999747276306,PSEUDO_DRIFT,PSEUDO_DRIFT,PSEUDO_DRIFT,0,0,1,0,150,0,0,1,0
159,744-748,5,PSEUDO_DRIFT,0/5,0.0,0.6480000019073486,PSEUDO_DRIFT,PSEUDO_DRIFT,PSEUDO_DRIFT,0,0,1,0,150,0,0,1,0
160,749-753,5,PSEUDO_DRIFT,0/5,0.0,0.6200000047683716,PSEUDO_DRIFT,PSEUDO_DRIFT,PSEUDO_DRIFT,0,0,1,0,150,0,0,1,0
161,754-758,5,PSEUDO_DRIFT,0/5,0.0,0.6079999804496765,PSEUDO_DRIFT,PSEUDO_DRIFT,PSEUDO_DRIFT,0,0,1,0,150,0,0,1,0
162,759-763,5,PSEUDO_DRIFT,0/5,0.0,0.656000018119812,PSEUDO_DRIFT,PSEUDO_DRIFT,PSEUDO_DRIFT,0,0,1,0,150,0,0,1,0
163,764-768,5,PSEUDO_DRIFT,0/5,0.0,0.6079999804496765,PSEUDO_DRIFT,PSEUDO_DRIFT,PSEUDO_DRIFT,0,0,1,0,150,0,0,1,0
164,769-773,5,PSEUDO_DRIFT,0/5,0.0,0.628000020980835,PSEUDO_DRIFT,PSEUDO_DRIFT,PSEUDO_DRIFT,0,0,1,0,150,0,0,1,0
165,774-778,5,PSEUDO_DRIFT,0/5,0.0,0.6639999747276306,PSEUDO_DRIFT,PSEUDO_DRIFT,PSEUDO_DRIFT,0,0,1,0,150,0,0,1,0
166,779-783,5,PSEUDO_DRIFT,0/5,0.0,0.5839999914169312,PSEUDO_DRIFT,PSEUDO_DRIFT,PSEUDO_DRIFT,0,0,1,0,165,0,0,1,0
167,784-788,5,PSEUDO_DRIFT,0/5,0.0,0.6359999775886536,PSEUDO_DRIFT,PSEUDO_DRIFT,PSEUDO_DRIFT,0,0,1,0,165,0,0,1,0
168,789-793,5,PSEUDO_DRIFT,0/5,0.0,0.6600000262260437,PSEUDO_DRIFT,PSEUDO_DRIFT,PSEUDO_DRIFT,0,0,1,0,165,0,0,1,0
169,794-798,5,PSEUDO_DRIFT,0/5,0.0,0.6240000128746033,PSEUDO_DRIFT,PSEUDO_DRIFT,PSEUDO_DRIFT,0,0,1,0,165,0,0,1,0
170,799-803,5,PSEUDO_DRIFT,0/5,0.0,0.6399999856948853,PSEUDO_DRIFT,PSEUDO_DRIFT,PSEUDO_DRIFT,0,0,1,0,165,0,0,1,0
171,804-808,5,PSEUDO_DRIFT,0/5,0.0,0.6000000238418579,PSEUDO_DRIFT,PSEUDO_DRIFT,PSEUDO_DRIFT,0,0,1,0,165,0,0,1,0
172,809-813,5,PSEUDO_DRIFT,0/5,0.0,0.7039999961853027,PSEUDO_DRIFT,PSEUDO_DRIFT,PSEUDO_DRIFT,0,0,1,0,165,0,0,1,0
173,814-818,5,PSEUDO_DRIFT,0/5,0.0,0.6119999885559082,PSEUDO_DRIFT,PSEUDO_DRIFT,PSEUDO_DRIFT,0,0,1,0,165,0,0,1,0
174,819-823,5,PSEUDO_DRIFT,0/5,0.0,0.628000020980835,PSEUDO_DRIFT,PSEUDO_DRIFT,PSEUDO_DRIFT,0,0,1,0,165,0,0,1,0
175,824-828,5,PSEUDO_DRIFT,0/5,0.0,0.5839999914169312,PSEUDO_DRIFT,PSEUDO_DRIFT,PSEUDO_DRIFT,0,0,1,0,165,0,0,1,0
176,829-833,5,PSEUDO_DRIFT,0/5,0.0,0.6639999747276306,PSEUDO_DRIFT,PSEUDO_DRIFT,PSEUDO_DRIFT,0,0,1,0,165,0,0,1,0
177,834-838,5,PSEUDO_DRIFT,0/5,0.0,0.6320000290870667,PSEUDO_DRIFT,PSEUDO_DRIFT,PSEUDO_DRIFT,0,0,1,0,165,0,0,1,0
178,839-843,5,PSEUDO_DRIFT,0/5,0.0,0.6399999856948853,PSEUDO_DRIFT,PSEUDO_DRIFT,PSEUDO_DRIFT,0,0,1,0,165,0,0,1,0
179,844-848,5,PSEUDO_DRIFT,0/5,0.0,0.6200000047683716,PSEUDO_DRIFT,PSEUDO_DRIFT,PSEUDO_DRIFT,0,0,1,0,165,0,0,1,0
180,849-853,5,PSEUDO_DRIFT,0/5,0.0,0.5879999995231628,PSEUDO_DRIFT,PSEUDO_DRIFT,PSEUDO_DRIFT,0,0,1,0,165,0,0,1,0
181,854-858,5,PSEUDO_DRIFT,0/5,0.0,0.5960000157356262,PSEUDO_DRIFT,PSEUDO_DRIFT,PSEUDO_DRIFT,0,0,1,0,180,0,0,1,0
182,859-863,5,PSEUDO_DRIFT,0/5,0.0,0.5680000185966492,PSEUDO_DRIFT,PSEUDO_DRIFT,PSEUDO_DRIFT,0,0,1,0,180,0,0,1,0
183,864-868,5,PSEUDO_DRIFT,0/5,0.0,0.6159999966621399,PSEUDO_DRIFT,PSEUDO_DRIFT,PSEUDO_DRIFT,0,0,1,0,180,0,0,1,0
184,869-873,5,PSEUDO_DRIFT,0/5,0.0,0.6359999775886536,PSEUDO_DRIFT,PSEUDO_DRIFT,PSEUDO_DRIFT,0,0,1,0,180,0,0,1,0
185,874-878,5,PSEUDO_DRIFT,0/5,0.0,0.7239999771118164,PSEUDO_DRIFT,PSEUDO_DRIFT,PSEUDO_DRIFT,0,0,1,0,180,0,0,1,0
186,879-883,5,PSEUDO_DRIFT,0/5,0.0,0.5920000076293945,PSEUDO_DRIFT,PSEUDO_DRIFT,PSEUDO_DRIFT,0,0,1,0,180,0,0,1,0
187,884-888,5,PSEUDO_DRIFT,0/5,0.0,0.5960000157356262,PSEUDO_DRIFT,PSEUDO_DRIFT,PSEUDO_DRIFT,0,0,1,0,180,0,0,1,0
188,889-893,5,PSEUDO_DRIFT,0/5,0.0,0.6039999723434448,PSEUDO_DRIFT,PSEUDO_DRIFT,PSEUDO_DRIFT,0,0,1,0,180,0,0,1,0
189,894-898,5,PSEUDO_DRIFT,0/5,0.0,0.6480000019073486,PSEUDO_DRIFT,PSEUDO_DRIFT,PSEUDO_DRIFT,0,0,1,0,180,0,0,1,0
190,899-903,5,PSEUDO_DRIFT,0/5,0.0,0.6480000019073486,PSEUDO_DRIFT,PSEUDO_DRIFT,PSEUDO_DRIFT,0,0,1,0,180,0,0,1,0
191,904-908,5,PSEUDO_DRIFT,0/5,0.0,0.6679999828338623,PSEUDO_DRIFT,PSEUDO_DRIFT,PSEUDO_DRIFT,0,0,1,0,180,0,0,1,0
192,909-913,5,PSEUDO_DRIFT,0/5,0.0,0.6000000238418579,PSEUDO_DRIFT,PSEUDO_DRIFT,PSEUDO_DRIFT,0,0,1,0,180,0,0,1,0
193,914-918,5,PSEUDO_DRIFT,0/5,0.0,0.7039999961853027,PSEUDO_DRIFT,PSEUDO_DRIFT,PSEUDO_DRIFT,0,0,1,0,180,0,0,1,0
194,919-923,5,PSEUDO_DRIFT,0/5,0.0,0.656000018119812,PSEUDO_DRIFT,PSEUDO_DRIFT,PSEUDO_DRIFT,0,0,1,0,180,0,0,1,0
195,924-928,5,PSEUDO_DRIFT,0/5,0.0,0.6359999775886536,PSEUDO_DRIFT,PSEUDO_DRIFT,PSEUDO_DRIFT,0,0,1,0,180,0,0,1,0
196,929-933,5,PSEUDO_DRIFT,0/5,0.0,0.6039999723434448,PSEUDO_DRIFT,PSEUDO_DRIFT,PSEUDO_DRIFT,0,0,1,0,195,0,0,1,0
197,934-938,5,PSEUDO_DRIFT,0/5,0.0,0.5960000157356262,PSEUDO_DRIFT,PSEUDO_DRIFT,PSEUDO_DRIFT,0,0,1,0,195,0,0,1,0
198,939-943,5,PSEUDO_DRIFT,0/5,0.0,0.6079999804496765,PSEUDO_DRIFT,PSEUDO_DRIFT,PSEUDO_DRIFT,0,0,1,0,195,0,0,1,0
199,944-948,5,PSEUDO_DRIFT,0/5,0.0,0.5920000076293945,PSEUDO_DRIFT,PSEUDO_DRIFT,PSEUDO_DRIFT,0,0,1,0,195,0,0,1,0
200,949-953,5,PSEUDO_DRIFT,0/5,0.0,0.628000020980835,PSEUDO_DRIFT,PSEUDO_DRIFT,PSEUDO_DRIFT,0,0,1,0,195,0,0,1,0
201,954-958,5,PSEUDO_DRIFT,0/5,0.0,0.6119999885559082,PSEUDO_DRIFT,PSEUDO_DRIFT,PSEUDO_DRIFT,0,0,1,0,195,0,0,1,0
202,959-963,5,PSEUDO_DRIFT,0/5,0.0,0.5720000267028809,PSEUDO_DRIFT,PSEUDO_DRIFT,PSEUDO_DRIFT,0,0,1,0,195,0,0,1,0
203,964-968,5,PSEUDO_DRIFT,0/5,0.0,0.6399999856948853,PSEUDO_DRIFT,PSEUDO_DRIFT,PSEUDO_DRIFT,0,0,1,0,195,0,0,1,0
204,969-973,5,PSEUDO_DRIFT,0/5,0.0,0.6079999804496765,PSEUDO_DRIFT,PSEUDO_DRIFT,PSEUDO_DRIFT,0,0,1,0,195,0,0,1,0
205,974-978,5,PSEUDO_DRIFT,0/5,0.0,0.656000018119812,PSEUDO_DRIFT,PSEUDO_DRIFT,PSEUDO_DRIFT,0,0,1,0,195,0,0,1,0
206,979-983,5,PSEUDO_DRIFT,0/5,0.0,0.6200000047683716,PSEUDO_DRIFT,PSEUDO_DRIFT,PSEUDO_DRIFT,0,0,1,0,195,0,0,1,0
207,984-988,5,PSEUDO_DRIFT,0/5,0.0,0.6679999828338623,PSEUDO_DRIFT,PSEUDO_DRIFT,PSEUDO_DRIFT,0,0,1,0,195,0,0,1,0
208,989-993,5,PSEUDO_DRIFT,0/5,0.0,0.656000018119812,PSEUDO_DRIFT,PSEUDO_DRIFT,PSEUDO_DRIFT,0,0,1,0,195,0,0,1,0
209,994-998,5,PSEUDO_DRIFT,0/5,0.0,0.6320000290870667,PSEUDO_DRIFT,PSEUDO_DRIFT,PSEUDO_DRIFT,0,0,1,0,195,0,0,1,0
210,999-1003,5,PSEUDO_DRIFT,0/5,0.0,0.6480000019073486,PSEUDO_DRIFT,PSEUDO_DRIFT,PSEUDO_DRIFT,0,0,1,0,195,0,0,1,0
211,1004-1008,5,PSEUDO_DRIFT,0/5,0.0,0.5960000157356262,PSEUDO_DRIFT,PSEUDO_DRIFT,PSEUDO_DRIFT,0,0,1,0,210,0,0,1,0
212,1009-1013,5,PSEUDO_DRIFT,0/5,0.0,0.5960000157356262,PSEUDO_DRIFT,PSEUDO_DRIFT,PSEUDO_DRIFT,0,0,1,0,210,0,0,1,0
213,1014-1018,5,PSEUDO_DRIFT,0/5,0.0,0.6439999938011169,PSEUDO_DRIFT,PSEUDO_DRIFT,PSEUDO_DRIFT,0,0,1,0,210,0,0,1,0
214,1019-1023,5,PSEUDO_DRIFT,0/5,0.0,0.6759999990463257,PSEUDO_DRIFT,PSEUDO_DRIFT,PSEUDO_DRIFT,0,0,1,0,210,0,0,1,0
215,1024-1028,5,PSEUDO_DRIFT,0/5,0.0,0.6200000047683716,PSEUDO_DRIFT,PSEUDO_DRIFT,PSEUDO_DRIFT,0,0,1,0,210,0,0,1,0
216,1029-1033,5,PSEUDO_DRIFT,0/5,0.0,0.6320000290870667,PSEUDO_DRIFT,PSEUDO_DRIFT,PSEUDO_DRIFT,0,0,1,0,210,0,0,1,0
217,1034-1038,5,PSEUDO_DRIFT,0/5,0.0,0.628000020980835,PSEUDO_DRIFT,PSEUDO_DRIFT,PSEUDO_DRIFT,0,0,1,0,210,0,0,1,0
218,1039-1043,5,PSEUDO_DRIFT,0/5,0.0,0.6439999938011169,PSEUDO_DRIFT,PSEUDO_DRIFT,PSEUDO_DRIFT,0,0,1,0,210,0,0,1,0
219,1044-1048,5,PSEUDO_DRIFT,0/5,0.0,0.6800000071525574,PSEUDO_DRIFT,PSEUDO_DRIFT,PSEUDO_DRIFT,0,0,1,0,210,0,0,1,0
220,1049-1053,5,PSEUDO_DRIFT,0/5,0.0,0.6399999856948853,PSEUDO_DRIFT,PSEUDO_DRIFT,PSEUDO_DRIFT,0,0,1,0,210,0,0,1,0
221,1054-1058,5,PSEUDO_DRIFT,0/5,0.0,0.6480000019073486,PSEUDO_DRIFT,PSEUDO_DRIFT,PSEUDO_DRIFT,0,0,1,0,210,0,0,1,0
222,1059-1063,5,PSEUDO_DRIFT,0/5,0.0,0.5960000157356262,PSEUDO_DRIFT,PSEUDO_DRIFT,PSEUDO_DRIFT,0,0,1,0,210,0,0,1,0
223,1064-1068,5,PSEUDO_DRIFT,0/5,0.0,0.5879999995231628,PSEUDO_DRIFT,PSEUDO_DRIFT,PSEUDO_DRIFT,0,0,1,0,210,0,0,1,0
224,1069-1073,5,PSEUDO_DRIFT,0/5,0.0,0.5920000076293945,PSEUDO_DRIFT,PSEUDO_DRIFT,PSEUDO_DRIFT,0,0,1,0,210,0,0,1,0
225,1074-1078,5,PSEUDO_DRIFT,0/5,0.0,0.6520000100135803,PSEUDO_DRIFT,PSEUDO_DRIFT,PSEUDO_DRIFT,0,0,1,0,210,0,0,1,0
226,1079-1083,5,PSEUDO_DRIFT,0/5,0.0,0.6119999885559082,PSEUDO_DRIFT,PSEUDO_DRIFT,PSEUDO_DRIFT,0,0,1,0,225,0,0,1,0
227,1084-1088,5,PSEUDO_DRIFT,0/5,0.0,0.6759999990463257,PSEUDO_DRIFT,PSEUDO_DRIFT,PSEUDO_DRIFT,0,0,1,0,225,0,0,1,0
228,1089-1093,5,PSEUDO_DRIFT,0/5,0.0,0.5920000076293945,PSEUDO_DRIFT,PSEUDO_DRIFT,PSEUDO_DRIFT,0,0,1,0,225,0,0,1,0
229,1094-1098,5,PSEUDO_DRIFT,0/5,0.0,0.5799999833106995,PSEUDO_DRIFT,PSEUDO_DRIFT,PSEUDO_DRIFT,0,0,1,0,225,0,0,1,0
230,1099-1103,5,PSEUDO_DRIFT,0/5,0.0,0.6600000262260437,PSEUDO_DRIFT,PSEUDO_DRIFT,PSEUDO_DRIFT,0,0,1,0,225,0,0,1,0
231,1104-1108,5,PSEUDO_DRIFT,0/5,0.0,0.5920000076293945,PSEUDO_DRIFT,PSEUDO_DRIFT,PSEUDO_DRIFT,0,0,1,0,225,0,0,1,0
232,1109-1113,5,PSEUDO_DRIFT,0/5,0.0,0.6520000100135803,PSEUDO_DRIFT,PSEUDO_DRIFT,PSEUDO_DRIFT,0,0,1,0,225,0,0,1,0
233,1114-1118,5,PSEUDO_DRIFT,0/5,0.0,0.6200000047683716,PSEUDO_DRIFT,PSEUDO_DRIFT,PSEUDO_DRIFT,0,0,1,0,225,0,0,1,0
234,1119-1123,5,PSEUDO_DRIFT,0/5,0.0,0.6679999828338623,PSEUDO_DRIFT,PSEUDO_DRIFT,PSEUDO_DRIFT,0,0,1,0,225,0,0,1,0
235,1124-1128,5,PSEUDO_DRIFT,0/5,0.0,0.5839999914169312,PSEUDO_DRIFT,PSEUDO_DRIFT,PSEUDO_DRIFT,0,0,1,0,225,0,0,1,0
236,1129-1133,5,PSEUDO_DRIFT,0/5,0.0,0.5799999833106995,PSEUDO_DRIFT,PSEUDO_DRIFT,PSEUDO_DRIFT,0,0,1,0,225,0,0,1,0
237,1134-1138,5,PSEUDO_DRIFT,0/5,0.0,0.6240000128746033,PSEUDO_DRIFT,PSEUDO_DRIFT,PSEUDO_DRIFT,0,0,1,0,225,0,0,1,0
238,1139-1143,5,PSEUDO_DRIFT,0/5,0.0,0.6480000019073486,PSEUDO_DRIFT,PSEUDO_DRIFT,PSEUDO_DRIFT,0,0,1,0,225,0,0,1,0
239,1144-1148,5,PSEUDO_DRIFT,0/5,0.0,0.6240000128746033,PSEUDO_DRIFT,PSEUDO_DRIFT,PSEUDO_DRIFT,0,0,1,0,225,0,0,1,0
240,1149-1153,5,PSEUDO_DRIFT,0/5,0.0,0.6639999747276306,PSEUDO_DRIFT,PSEUDO_DRIFT,PSEUDO_DRIFT,0,0,1,0,225,0,0,1,0
241,1154-1158,5,PSEUDO_DRIFT,0/5,0.0,0.1879999935626983,PSEUDO_DRIFT,REAL_DRIFT,PSEUDO_DRIFT,0,0,0,1,240,0,0,0,1
242,1159-1163,5,PSEUDO_DRIFT,0/5,0.0,0.2000000029802322,PSEUDO_DRIFT,REAL_DRIFT,PSEUDO_DRIFT,0,0,0,1,240,0,0,0,1
243,1164-1168,5,PSEUDO_DRIFT,0/5,0.0,0.1800000071525573,PSEUDO_DRIFT,REAL_DRIFT,PSEUDO_DRIFT,0,0,0,1,240,0,0,0,1
244,1169-1173,5,PSEUDO_DRIFT,0/5,0.0,0.2000000029802322,PSEUDO_DRIFT,REAL_DRIFT,PSEUDO_DRIFT,0,0,0,1,240,0,0,0,1
245,1174-1178,5,PSEUDO_DRIFT,0/5,0.0,0.1720000058412552,PSEUDO_DRIFT,REAL_DRIFT,PSEUDO_DRIFT,0,0,0,1,240,0,0,0,1
246,1179-1183,5,PSEUDO_DRIFT,0/5,0.0,0.1759999990463256,PSEUDO_DRIFT,REAL_DRIFT,PSEUDO_DRIFT,0,0,0,1,240,0,0,0,1
247,1184-1188,5,PSEUDO_DRIFT,0/5,0.0,0.2080000042915344,PSEUDO_DRIFT,REAL_DRIFT,PSEUDO_DRIFT,0,0,0,1,240,0,0,0,1
248,1189-1193,5,PSEUDO_DRIFT,0/5,0.0,0.1840000003576278,PSEUDO_DRIFT,REAL_DRIFT,PSEUDO_DRIFT,0,0,0,1,240,0,0,0,1
249,1194-1198,5,PSEUDO_DRIFT,0/5,0.0,0.1720000058412552,PSEUDO_DRIFT,REAL_DRIFT,PSEUDO_DRIFT,0,0,0,1,240,0,0,0,1
250,1199-1203,5,REAL_DRIFT,4/1,0.8,0.19200000166893,REAL_DRIFT,REAL_DRIFT,PSEUDO_DRIFT,1,0,0,0,240,0,0,0,1
251,1204-1208,5,REAL_DRIFT,5/0,1.0,0.2000000029802322,REAL_DRIFT,REAL_DRIFT,PSEUDO_DRIFT,1,0,0,0,240,0,0,0,1
252,1209-1213,5,REAL_DRIFT,5/0,1.0,0.1679999977350235,REAL_DRIFT,REAL_DRIFT,PSEUDO_DRIFT,1,0,0,0,240,0,0,0,1
253,1214-1218,5,REAL_DRIFT,5/0,1.0,0.2240000069141388,REAL_DRIFT,REAL_DRIFT,PSEUDO_DRIFT,1,0,0,0,240,0,0,0,1
254,1219-1223,5,REAL_DRIFT,5/0,1.0,0.1959999948740005,REAL_DRIFT,REAL_DRIFT,PSEUDO_DRIFT,1,0,0,0,240,0,0,0,1
255,1224-1228,5,REAL_DRIFT,5/0,1.0,0.1519999951124191,REAL_DRIFT,REAL_DRIFT,PSEUDO_DRIFT,1,0,0,0,240,0,0,0,1
256,1229-1233,5,REAL_DRIFT,5/0,1.0,0.1439999938011169,REAL_DRIFT,REAL_DRIFT,PSEUDO_DRIFT,1,0,0,0,255,0,0,0,1
257,1234-1238,5,REAL_DRIFT,5/0,1.0,0.2160000056028366,REAL_DRIFT,REAL_DRIFT,PSEUDO_DRIFT,1,0,0,0,255,0,0,0,1
258,1239-1243,5,REAL_DRIFT,5/0,1.0,0.1560000032186508,REAL_DRIFT,REAL_DRIFT,PSEUDO_DRIFT,1,0,0,0,255,0,0,0,1
259,1244-1248,5,REAL_DRIFT,5/0,1.0,0.1360000073909759,REAL_DRIFT,REAL_DRIFT,PSEUDO_DRIFT,1,0,0,0,255,0,0,0,1
260,1249-1252,4,REAL_DRIFT,4/0,1.0,0.2080000042915344,REAL_DRIFT,REAL_DRIFT,PSEUDO_DRIFT,1,0,0,0,255,0,0,0,1
261,1253-1256,4,REAL_DRIFT,4/0,1.0,0.2280000001192093,REAL_DRIFT,REAL_DRIFT,PSEUDO_DRIFT,1,0,0,0,255,0,0,0,1
262,1257-1260,4,REAL_DRIFT,4/0,1.0,0.2000000029802322,REAL_DRIFT,REAL_DRIFT,PSEUDO_DRIFT,1,0,0,0,255,0,0,0,1
263,1261-1264,4,REAL_DRIFT,4/0,1.0,0.2639999985694885,REAL_DRIFT,REAL_DRIFT,PSEUDO_DRIFT,1,0,0,0,255,0,0,0,1
264,1265-1268,4,REAL_DRIFT,4/0,1.0,0.2879999876022339,REAL_DRIFT,REAL_DRIFT,PSEUDO_DRIFT,1,0,0,0,255,0,0,0,1
265,1269-1272,4,REAL_DRIFT,4/0,1.0,0.2800000011920929,REAL_DRIFT,REAL_DRIFT,PSEUDO_DRIFT,1,0,0,0,255,0,0,0,1
266,1273-1276,4,REAL_DRIFT,4/0,1.0,0.3479999899864197,REAL_DRIFT,REAL_DRIFT,PSEUDO_DRIFT,1,0,0,0,255,0,0,0,1
267,1277-1280,4,REAL_DRIFT,4/0,1.0,0.4120000004768371,REAL_DRIFT,REAL_DRIFT,PSEUDO_DRIFT,1,0,0,0,255,0,0,0,1
268,1281-1284,4,REAL_DRIFT,4/0,1.0,0.3720000088214874,REAL_DRIFT,REAL_DRIFT,PSEUDO_DRIFT,1,0,0,0,255,0,0,0,1
269,1285-1288,4,REAL_DRIFT,4/0,1.0,0.4239999949932098,REAL_DRIFT,REAL_DRIFT,PSEUDO_DRIFT,1,0,0,0,255,0,0,0,1
270,1289-1291,3,REAL_DRIFT,3/0,1.0,0.3880000114440918,REAL_DRIFT,REAL_DRIFT,PSEUDO_DRIFT,1,0,0,0,255,0,0,0,1
271,1292-1294,3,REAL_DRIFT,3/0,1.0,0.4320000112056732,REAL_DRIFT,REAL_DRIFT,PSEUDO_DRIFT,1,0,0,0,270,0,0,0,1
272,1295-1297,3,REAL_DRIFT,3/0,1.0,0.4880000054836273,REAL_DRIFT,REAL_DRIFT,PSEUDO_DRIFT,1,0,0,0,270,0,0,0,1
273,1298-1300,3,REAL_DRIFT,3/0,1.0,0.515999972820282,REAL_DRIFT,PSEUDO_DRIFT,PSEUDO_DRIFT,0,1,0,0,270,0,0,1,0
274,1301-1303,3,REAL_DRIFT,2/1,0.6666666666666666,0.5360000133514404,REAL_DRIFT,PSEUDO_DRIFT,PSEUDO_DRIFT,0,1,0,0,270,0,0,1,0
275,1304-1306,3,REAL_DRIFT,2/1,0.6666666666666666,0.4880000054836273,REAL_DRIFT,REAL_DRIFT,PSEUDO_DRIFT,1,0,0,0,270,0,0,0,1
276,1307-1309,3,PSEUDO_DRIFT,0/3,0.0,0.5199999809265137,PSEUDO_DRIFT,PSEUDO_DRIFT,PSEUDO_DRIFT,0,0,1,0,270,0,0,1,0
277,1310-1312,3,PSEUDO_DRIFT,0/3,0.0,0.5720000267028809,PSEUDO_DRIFT,PSEUDO_DRIFT,PSEUDO_DRIFT,0,0,1,0,270,0,0,1,0
278,1313-1315,3,PSEUDO_DRIFT,0/3,0.0,0.6320000290870667,PSEUDO_DRIFT,PSEUDO_DRIFT,PSEUDO_DRIFT,0,0,1,0,270,0,0,1,0
279,1316-1318,3,PSEUDO_DRIFT,0/3,0.0,0.6039999723434448,PSEUDO_DRIFT,PSEUDO_DRIFT,PSEUDO_DRIFT,0,0,1,0,270,0,0,1,0
280,1319-1321,3,PSEUDO_DRIFT,0/3,0.0,0.5799999833106995,PSEUDO_DRIFT,PSEUDO_DRIFT,PSEUDO_DRIFT,0,0,1,0,270,0,0,1,0
281,1322-1324,3,PSEUDO_DRIFT,0/3,0.0,0.6359999775886536,PSEUDO_DRIFT,PSEUDO_DRIFT,PSEUDO_DRIFT,0,0,1,0,270,0,0,1,0
282,1325-1327,3,PSEUDO_DRIFT,0/3,0.0,0.5759999752044678,PSEUDO_DRIFT,PSEUDO_DRIFT,PSEUDO_DRIFT,0,0,1,0,270,0,0,1,0
283,1328-1330,3,PSEUDO_DRIFT,0/3,0.0,0.6480000019073486,PSEUDO_DRIFT,PSEUDO_DRIFT,PSEUDO_DRIFT,0,0,1,0,270,0,0,1,0
284,1331-1333,3,PSEUDO_DRIFT,0/3,0.0,0.6119999885559082,PSEUDO_DRIFT,PSEUDO_DRIFT,PSEUDO_DRIFT,0,0,1,0,270,0,0,1,0
285,1334-1336,3,PSEUDO_DRIFT,0/3,0.0,0.5920000076293945,PSEUDO_DRIFT,PSEUDO_DRIFT,PSEUDO_DRIFT,0,0,1,0,270,0,0,1,0
286,1337-1340,4,PSEUDO_DRIFT,0/4,0.0,0.6359999775886536,PSEUDO_DRIFT,PSEUDO_DRIFT,PSEUDO_DRIFT,0,0,1,0,285,0,0,1,0
287,1341-1344,4,PSEUDO_DRIFT,0/4,0.0,0.6000000238418579,PSEUDO_DRIFT,PSEUDO_DRIFT,PSEUDO_DRIFT,0,0,1,0,285,0,0,1,0
288,1345-1348,4,PSEUDO_DRIFT,0/4,0.0,0.5799999833106995,PSEUDO_DRIFT,PSEUDO_DRIFT,PSEUDO_DRIFT,0,0,1,0,285,0,0,1,0
289,1349-1352,4,PSEUDO_DRIFT,0/4,0.0,0.6480000019073486,PSEUDO_DRIFT,PSEUDO_DRIFT,PSEUDO_DRIFT,0,0,1,0,285,0,0,1,0
290,1353-1356,4,PSEUDO_DRIFT,0/4,0.0,0.5799999833106995,PSEUDO_DRIFT,PSEUDO_DRIFT,PSEUDO_DRIFT,0,0,1,0,285,0,0,1,0
291,1357-1360,4,PSEUDO_DRIFT,0/4,0.0,0.6320000290870667,PSEUDO_DRIFT,PSEUDO_DRIFT,PSEUDO_DRIFT,0,0,1,0,285,0,0,1,0
292,1361-1364,4,PSEUDO_DRIFT,0/4,0.0,0.6359999775886536,PSEUDO_DRIFT,PSEUDO_DRIFT,PSEUDO_DRIFT,0,0,1,0,285,0,0,1,0
293,1365-1368,4,PSEUDO_DRIFT,0/4,0.0,0.6079999804496765,PSEUDO_DRIFT,PSEUDO_DRIFT,PSEUDO_DRIFT,0,0,1,0,285,0,0,1,0
294,1369-1372,4,PSEUDO_DRIFT,0/4,0.0,0.6320000290870667,PSEUDO_DRIFT,PSEUDO_DRIFT,PSEUDO_DRIFT,0,0,1,0,285,0,0,1,0
295,1373-1376,4,PSEUDO_DRIFT,0/4,0.0,0.6200000047683716,PSEUDO_DRIFT,PSEUDO_DRIFT,PSEUDO_DRIFT,0,0,1,0,285,0,0,1,0
296,1377-1381,5,PSEUDO_DRIFT,0/5,0.0,0.5600000023841858,PSEUDO_DRIFT,PSEUDO_DRIFT,PSEUDO_DRIFT,0,0,1,0,285,0,0,1,0
297,1382-1386,5,PSEUDO_DRIFT,0/5,0.0,0.628000020980835,PSEUDO_DRIFT,PSEUDO_DRIFT,PSEUDO_DRIFT,0,0,1,0,285,0,0,1,0
298,1387-1391,5,PSEUDO_DRIFT,0/5,0.0,0.6320000290870667,PSEUDO_DRIFT,PSEUDO_DRIFT,PSEUDO_DRIFT,0,0,1,0,285,0,0,1,0
299,1392-1396,5,PSEUDO_DRIFT,0/5,0.0,0.6039999723434448,PSEUDO_DRIFT,PSEUDO_DRIFT,PSEUDO_DRIFT,0,0,1,0,285,0,0,1,0
300,1397-1401,5,PSEUDO_DRIFT,0/5,0.0,0.5799999833106995,PSEUDO_DRIFT,PSEUDO_DRIFT,PSEUDO_DRIFT,0,0,1,0,285,0,0,1,0
301,1402-1406,5,PSEUDO_DRIFT,0/5,0.0,0.656000018119812,PSEUDO_DRIFT,PSEUDO_DRIFT,PSEUDO_DRIFT,0,0,1,0,300,0,0,1,0
302,1407-1411,5,PSEUDO_DRIFT,0/5,0.0,0.656000018119812,PSEUDO_DRIFT,PSEUDO_DRIFT,PSEUDO_DRIFT,0,0,1,0,300,0,0,1,0
303,1412-1416,5,PSEUDO_DRIFT,0/5,0.0,0.671999990940094,PSEUDO_DRIFT,PSEUDO_DRIFT,PSEUDO_DRIFT,0,0,1,0,300,0,0,1,0
304,1417-1421,5,PSEUDO_DRIFT,0/5,0.0,0.6079999804496765,PSEUDO_DRIFT,PSEUDO_DRIFT,PSEUDO_DRIFT,0,0,1,0,300,0,0,1,0
305,1422-1426,5,PSEUDO_DRIFT,0/5,0.0,0.6159999966621399,PSEUDO_DRIFT,PSEUDO_DRIFT,PSEUDO_DRIFT,0,0,1,0,300,0,0,1,0
306,1427-1431,5,PSEUDO_DRIFT,0/5,0.0,0.6520000100135803,PSEUDO_DRIFT,PSEUDO_DRIFT,PSEUDO_DRIFT,0,0,1,0,300,0,0,1,0
307,1432-1436,5,PSEUDO_DRIFT,0/5,0.0,0.6359999775886536,PSEUDO_DRIFT,PSEUDO_DRIFT,PSEUDO_DRIFT,0,0,1,0,300,0,0,1,0
308,1437-1441,5,PSEUDO_DRIFT,0/5,0.0,0.6639999747276306,PSEUDO_DRIFT,PSEUDO_DRIFT,PSEUDO_DRIFT,0,0,1,0,300,0,0,1,0
309,1442-1446,5,PSEUDO_DRIFT,0/5,0.0,0.6359999775886536,PSEUDO_DRIFT,PSEUDO_DRIFT,PSEUDO_DRIFT,0,0,1,0,300,0,0,1,0
310,1447-1451,5,PSEUDO_DRIFT,0/5,0.0,0.6200000047683716,PSEUDO_DRIFT,PSEUDO_DRIFT,PSEUDO_DRIFT,0,0,1,0,300,0,0,1,0
311,1452-1456,5,PSEUDO_DRIFT,0/5,0.0,0.6759999990463257,PSEUDO_DRIFT,PSEUDO_DRIFT,PSEUDO_DRIFT,0,0,1,0,300,0,0,1,0
312,1457-1461,5,PSEUDO_DRIFT,0/5,0.0,0.656000018119812,PSEUDO_DRIFT,PSEUDO_DRIFT,PSEUDO_DRIFT,0,0,1,0,300,0,0,1,0
313,1462-1466,5,PSEUDO_DRIFT,0/5,0.0,0.6359999775886536,PSEUDO_DRIFT,PSEUDO_DRIFT,PSEUDO_DRIFT,0,0,1,0,300,0,0,1,0
314,1467-1471,5,PSEUDO_DRIFT,0/5,0.0,0.5839999914169312,PSEUDO_DRIFT,PSEUDO_DRIFT,PSEUDO_DRIFT,0,0,1,0,300,0,0,1,0
315,1472-1476,5,PSEUDO_DRIFT,0/5,0.0,0.6359999775886536,PSEUDO_DRIFT,PSEUDO_DRIFT,PSEUDO_DRIFT,0,0,1,0,300,0,0,1,0
316,1477-1481,5,PSEUDO_DRIFT,0/5,0.0,0.671999990940094,PSEUDO_DRIFT,PSEUDO_DRIFT,PSEUDO_DRIFT,0,0,1,0,315,0,0,1,0
317,1482-1486,5,PSEUDO_DRIFT,0/5,0.0,0.6159999966621399,PSEUDO_DRIFT,PSEUDO_DRIFT,PSEUDO_DRIFT,0,0,1,0,315,0,0,1,0
318,1487-1491,5,PSEUDO_DRIFT,0/5,0.0,0.6159999966621399,PSEUDO_DRIFT,PSEUDO_DRIFT,PSEUDO_DRIFT,0,0,1,0,315,0,0,1,0
319,1492-1496,5,PSEUDO_DRIFT,0/5,0.0,0.6800000071525574,PSEUDO_DRIFT,PSEUDO_DRIFT,PSEUDO_DRIFT,0,0,1,0,315,0,0,1,0
320,1497-1501,5,PSEUDO_DRIFT,0/5,0.0,0.6639999747276306,PSEUDO_DRIFT,PSEUDO_DRIFT,PSEUDO_DRIFT,0,0,1,0,315,0,0,1,0
321,1502-1506,5,PSEUDO_DRIFT,0/5,0.0,0.5879999995231628,PSEUDO_DRIFT,PSEUDO_DRIFT,PSEUDO_DRIFT,0,0,1,0,315,0,0,1,0
322,1507-1511,5,PSEUDO_DRIFT,0/5,0.0,0.6159999966621399,PSEUDO_DRIFT,PSEUDO_DRIFT,PSEUDO_DRIFT,0,0,1,0,315,0,0,1,0
323,1512-1516,5,PSEUDO_DRIFT,0/5,0.0,0.6359999775886536,PSEUDO_DRIFT,PSEUDO_DRIFT,PSEUDO_DRIFT,0,0,1,0,315,0,0,1,0
324,1517-1521,5,PSEUDO_DRIFT,0/5,0.0,0.6800000071525574,PSEUDO_DRIFT,PSEUDO_DRIFT,PSEUDO_DRIFT,0,0,1,0,315,0,0,1,0
325,1522-1526,5,PSEUDO_DRIFT,0/5,0.0,0.6200000047683716,PSEUDO_DRIFT,PSEUDO_DRIFT,PSEUDO_DRIFT,0,0,1,0,315,0,0,1,0
326,1527-1531,5,PSEUDO_DRIFT,0/5,0.0,0.6119999885559082,PSEUDO_DRIFT,PSEUDO_DRIFT,PSEUDO_DRIFT,0,0,1,0,315,0,0,1,0
327,1532-1536,5,PSEUDO_DRIFT,0/5,0.0,0.6679999828338623,PSEUDO_DRIFT,PSEUDO_DRIFT,PSEUDO_DRIFT,0,0,1,0,315,0,0,1,0
328,1537-1541,5,PSEUDO_DRIFT,0/5,0.0,0.5960000157356262,PSEUDO_DRIFT,PSEUDO_DRIFT,PSEUDO_DRIFT,0,0,1,0,315,0,0,1,0
329,1542-1546,5,PSEUDO_DRIFT,0/5,0.0,0.6119999885559082,PSEUDO_DRIFT,PSEUDO_DRIFT,PSEUDO_DRIFT,0,0,1,0,315,0,0,1,0
330,1547-1551,5,PSEUDO_DRIFT,0/5,0.0,0.699999988079071,PSEUDO_DRIFT,PSEUDO_DRIFT,PSEUDO_DRIFT,0,0,1,0,315,0,0,1,0
331,1552-1556,5,PSEUDO_DRIFT,0/5,0.0,0.671999990940094,PSEUDO_DRIFT,PSEUDO_DRIFT,PSEUDO_DRIFT,0,0,1,0,330,0,0,1,0
332,1557-1561,5,PSEUDO_DRIFT,0/5,0.0,0.6039999723434448,PSEUDO_DRIFT,PSEUDO_DRIFT,PSEUDO_DRIFT,0,0,1,0,330,0,0,1,0
333,1562-1566,5,PSEUDO_DRIFT,0/5,0.0,0.5960000157356262,PSEUDO_DRIFT,PSEUDO_DRIFT,PSEUDO_DRIFT,0,0,1,0,330,0,0,1,0
334,1567-1571,5,PSEUDO_DRIFT,0/5,0.0,0.6079999804496765,PSEUDO_DRIFT,PSEUDO_DRIFT,PSEUDO_DRIFT,0,0,1,0,330,0,0,1,0
335,1572-1576,5,PSEUDO_DRIFT,0/5,0.0,0.6800000071525574,PSEUDO_DRIFT,PSEUDO_DRIFT,PSEUDO_DRIFT,0,0,1,0,330,0,0,1,0
336,1577-1581,5,PSEUDO_DRIFT,0/5,0.0,0.6159999966621399,PSEUDO_DRIFT,PSEUDO_DRIFT,PSEUDO_DRIFT,0,0,1,0,330,0,0,1,0
337,1582-1586,5,PSEUDO_DRIFT,0/5,0.0,0.6639999747276306,PSEUDO_DRIFT,PSEUDO_DRIFT,PSEUDO_DRIFT,0,0,1,0,330,0,0,1,0
338,1587-1591,5,PSEUDO_DRIFT,0/5,0.0,0.6480000019073486,PSEUDO_DRIFT,PSEUDO_DRIFT,PSEUDO_DRIFT,0,0,1,0,330,0,0,1,0
339,1592-1596,5,PSEUDO_DRIFT,0/5,0.0,0.6159999966621399,PSEUDO_DRIFT,PSEUDO_DRIFT,PSEUDO_DRIFT,0,0,1,0,330,0,0,1,0
340,1597-1601,5,PSEUDO_DRIFT,0/5,0.0,0.6200000047683716,PSEUDO_DRIFT,PSEUDO_DRIFT,PSEUDO_DRIFT,0,0,1,0,330,0,0,1,0
341,1602-1606,5,PSEUDO_DRIFT,0/5,0.0,0.6000000238418579,PSEUDO_DRIFT,PSEUDO_DRIFT,PSEUDO_DRIFT,0,0,1,0,330,0,0,1,0
342,1607-1611,5,PSEUDO_DRIFT,0/5,0.0,0.628000020980835,PSEUDO_DRIFT,PSEUDO_DRIFT,PSEUDO_DRIFT,0,0,1,0,330,0,0,1,0
343,1612-1616,5,PSEUDO_DRIFT,0/5,0.0,0.628000020980835,PSEUDO_DRIFT,PSEUDO_DRIFT,PSEUDO_DRIFT,0,0,1,0,330,0,0,1,0
344,1617-1621,5,PSEUDO_DRIFT,0/5,0.0,0.6320000290870667,PSEUDO_DRIFT,PSEUDO_DRIFT,PSEUDO_DRIFT,0,0,1,0,330,0,0,1,0
345,1622-1626,5,PSEUDO_DRIFT,0/5,0.0,0.6119999885559082,PSEUDO_DRIFT,PSEUDO_DRIFT,PSEUDO_DRIFT,0,0,1,0,330,0,0,1,0
346,1627-1631,5,PSEUDO_DRIFT,0/5,0.0,0.6320000290870667,PSEUDO_DRIFT,PSEUDO_DRIFT,PSEUDO_DRIFT,0,0,1,0,345,0,0,1,0
347,1632-1636,5,PSEUDO_DRIFT,0/5,0.0,0.6480000019073486,PSEUDO_DRIFT,PSEUDO_DRIFT,PSEUDO_DRIFT,0,0,1,0,345,0,0,1,0
348,1637-1641,5,PSEUDO_DRIFT,0/5,0.0,0.6240000128746033,PSEUDO_DRIFT,PSEUDO_DRIFT,PSEUDO_DRIFT,0,0,1,0,345,0,0,1,0
349,1642-1646,5,PSEUDO_DRIFT,0/5,0.0,0.6119999885559082,PSEUDO_DRIFT,PSEUDO_DRIFT,PSEUDO_DRIFT,0,0,1,0,345,0,0,1,0
350,1647-1651,5,PSEUDO_DRIFT,0/5,0.0,0.6359999775886536,PSEUDO_DRIFT,PSEUDO_DRIFT,PSEUDO_DRIFT,0,0,1,0,345,0,0,1,0
351,1652-1656,5,PSEUDO_DRIFT,0/5,0.0,0.6679999828338623,PSEUDO_DRIFT,PSEUDO_DRIFT,PSEUDO_DRIFT,0,0,1,0,345,0,0,1,0
352,1657-1661,5,PSEUDO_DRIFT,0/5,0.0,0.6600000262260437,PSEUDO_DRIFT,PSEUDO_DRIFT,PSEUDO_DRIFT,0,0,1,0,345,0,0,1,0
353,1662-1666,5,PSEUDO_DRIFT,0/5,0.0,0.6039999723434448,PSEUDO_DRIFT,PSEUDO_DRIFT,PSEUDO_DRIFT,0,0,1,0,345,0,0,1,0
354,1667-1671,5,PSEUDO_DRIFT,0/5,0.0,0.628000020980835,PSEUDO_DRIFT,PSEUDO_DRIFT,PSEUDO_DRIFT,0,0,1,0,345,0,0,1,0
355,1672-1676,5,PSEUDO_DRIFT,0/5,0.0,0.5759999752044678,PSEUDO_DRIFT,PSEUDO_DRIFT,PSEUDO_DRIFT,0,0,1,0,345,0,0,1,0
356,1677-1681,5,PSEUDO_DRIFT,0/5,0.0,0.6320000290870667,PSEUDO_DRIFT,PSEUDO_DRIFT,PSEUDO_DRIFT,0,0,1,0,345,0,0,1,0
357,1682-1686,5,PSEUDO_DRIFT,0/5,0.0,0.6600000262260437,PSEUDO_DRIFT,PSEUDO_DRIFT,PSEUDO_DRIFT,0,0,1,0,345,0,0,1,0
358,1687-1691,5,PSEUDO_DRIFT,0/5,0.0,0.6639999747276306,PSEUDO_DRIFT,PSEUDO_DRIFT,PSEUDO_DRIFT,0,0,1,0,345,0,0,1,0
359,1692-1696,5,PSEUDO_DRIFT,0/5,0.0,0.6359999775886536,PSEUDO_DRIFT,PSEUDO_DRIFT,PSEUDO_DRIFT,0,0,1,0,345,0,0,1,0
360,1697-1701,5,PSEUDO_DRIFT,0/5,0.0,0.5559999942779541,PSEUDO_DRIFT,PSEUDO_DRIFT,PSEUDO_DRIFT,0,0,1,0,345,0,0,1,0
361,1702-1706,5,PSEUDO_DRIFT,0/5,0.0,0.6439999938011169,PSEUDO_DRIFT,PSEUDO_DRIFT,PSEUDO_DRIFT,0,0,1,0,360,0,0,1,0
362,1707-1711,5,PSEUDO_DRIFT,0/5,0.0,0.628000020980835,PSEUDO_DRIFT,PSEUDO_DRIFT,PSEUDO_DRIFT,0,0,1,0,360,0,0,1,0
363,1712-1716,5,PSEUDO_DRIFT,0/5,0.0,0.5960000157356262,PSEUDO_DRIFT,PSEUDO_DRIFT,PSEUDO_DRIFT,0,0,1,0,360,0,0,1,0
364,1717-1721,5,PSEUDO_DRIFT,0/5,0.0,0.6759999990463257,PSEUDO_DRIFT,PSEUDO_DRIFT,PSEUDO_DRIFT,0,0,1,0,360,0,0,1,0
365,1722-1726,5,PSEUDO_DRIFT,0/5,0.0,0.6159999966621399,PSEUDO_DRIFT,PSEUDO_DRIFT,PSEUDO_DRIFT,0,0,1,0,360,0,0,1,0
366,1727-1731,5,PSEUDO_DRIFT,0/5,0.0,0.5920000076293945,PSEUDO_DRIFT,PSEUDO_DRIFT,PSEUDO_DRIFT,0,0,1,0,360,0,0,1,0
367,1732-1736,5,PSEUDO_DRIFT,0/5,0.0,0.6200000047683716,PSEUDO_DRIFT,PSEUDO_DRIFT,PSEUDO_DRIFT,0,0,1,0,360,0,0,1,0
368,1737-1741,5,PSEUDO_DRIFT,0/5,0.0,0.6119999885559082,PSEUDO_DRIFT,PSEUDO_DRIFT,PSEUDO_DRIFT,0,0,1,0,360,0,0,1,0
369,1742-1746,5,PSEUDO_DRIFT,0/5,0.0,0.671999990940094,PSEUDO_DRIFT,PSEUDO_DRIFT,PSEUDO_DRIFT,0,0,1,0,360,0,0,1,0
370,1747-1751,5,PSEUDO_DRIFT,0/5,0.0,0.6039999723434448,PSEUDO_DRIFT,PSEUDO_DRIFT,PSEUDO_DRIFT,0,0,1,0,360,0,0,1,0
371,1752-1756,5,PSEUDO_DRIFT,0/5,0.0,0.6320000290870667,PSEUDO_DRIFT,PSEUDO_DRIFT,PSEUDO_DRIFT,0,0,1,0,360,0,0,1,0
372,1757-1761,5,PSEUDO_DRIFT,0/5,0.0,0.6320000290870667,PSEUDO_DRIFT,PSEUDO_DRIFT,PSEUDO_DRIFT,0,0,1,0,360,0,0,1,0
373,1762-1766,5,PSEUDO_DRIFT,0/5,0.0,0.628000020980835,PSEUDO_DRIFT,PSEUDO_DRIFT,PSEUDO_DRIFT,0,0,1,0,360,0,0,1,0
374,1767-1771,5,PSEUDO_DRIFT,0/5,0.0,0.5960000157356262,PSEUDO_DRIFT,PSEUDO_DRIFT,PSEUDO_DRIFT,0,0,1,0,360,0,0,1,0
375,1772-1776,5,PSEUDO_DRIFT,0/5,0.0,0.6240000128746033,PSEUDO_DRIFT,PSEUDO_DRIFT,PSEUDO_DRIFT,0,0,1,0,360,0,0,1,0
376,1777-1781,5,PSEUDO_DRIFT,0/5,0.0,0.6639999747276306,PSEUDO_DRIFT,PSEUDO_DRIFT,PSEUDO_DRIFT,0,0,1,0,375,0,0,1,0
377,1782-1786,5,PSEUDO_DRIFT,0/5,0.0,0.656000018119812,PSEUDO_DRIFT,PSEUDO_DRIFT,PSEUDO_DRIFT,0,0,1,0,375,0,0,1,0
378,1787-1791,5,PSEUDO_DRIFT,0/5,0.0,0.6480000019073486,PSEUDO_DRIFT,PSEUDO_DRIFT,PSEUDO_DRIFT,0,0,1,0,375,0,0,1,0
379,1792-1796,5,PSEUDO_DRIFT,0/5,0.0,0.628000020980835,PSEUDO_DRIFT,PSEUDO_DRIFT,PSEUDO_DRIFT,0,0,1,0,375,0,0,1,0
380,1797-1801,5,PSEUDO_DRIFT,0/5,0.0,0.6439999938011169,PSEUDO_DRIFT,PSEUDO_DRIFT,PSEUDO_DRIFT,0,0,1,0,375,0,0,1,0
381,1802-1806,5,PSEUDO_DRIFT,0/5,0.0,0.6480000019073486,PSEUDO_DRIFT,PSEUDO_DRIFT,PSEUDO_DRIFT,0,0,1,0,375,0,0,1,0
382,1807-1811,5,PSEUDO_DRIFT,0/5,0.0,0.6039999723434448,PSEUDO_DRIFT,PSEUDO_DRIFT,PSEUDO_DRIFT,0,0,1,0,375,0,0,1,0
383,1812-1816,5,PSEUDO_DRIFT,0/5,0.0,0.6079999804496765,PSEUDO_DRIFT,PSEUDO_DRIFT,PSEUDO_DRIFT,0,0,1,0,375,0,0,1,0
384,1817-1821,5,PSEUDO_DRIFT,0/5,0.0,0.6439999938011169,PSEUDO_DRIFT,PSEUDO_DRIFT,PSEUDO_DRIFT,0,0,1,0,375,0,0,1,0
385,1822-1826,5,PSEUDO_DRIFT,0/5,0.0,0.6200000047683716,PSEUDO_DRIFT,PSEUDO_DRIFT,PSEUDO_DRIFT,0,0,1,0,375,0,0,1,0
386,1827-1831,5,PSEUDO_DRIFT,0/5,0.0,0.6119999885559082,PSEUDO_DRIFT,PSEUDO_DRIFT,PSEUDO_DRIFT,0,0,1,0,375,0,0,1,0
387,1832-1836,5,PSEUDO_DRIFT,0/5,0.0,0.6759999990463257,PSEUDO_DRIFT,PSEUDO_DRIFT,PSEUDO_DRIFT,0,0,1,0,375,0,0,1,0
388,1837-1841,5,PSEUDO_DRIFT,0/5,0.0,0.6079999804496765,PSEUDO_DRIFT,PSEUDO_DRIFT,PSEUDO_DRIFT,0,0,1,0,375,0,0,1,0
389,1842-1846,5,PSEUDO_DRIFT,0/5,0.0,0.6399999856948853,PSEUDO_DRIFT,PSEUDO_DRIFT,PSEUDO_DRIFT,0,0,1,0,375,0,0,1,0
390,1847-1851,5,PSEUDO_DRIFT,0/5,0.0,0.6159999966621399,PSEUDO_DRIFT,PSEUDO_DRIFT,PSEUDO_DRIFT,0,0,1,0,375,0,0,1,0
391,1852-1856,5,PSEUDO_DRIFT,0/5,0.0,0.5559999942779541,PSEUDO_DRIFT,PSEUDO_DRIFT,PSEUDO_DRIFT,0,0,1,0,390,0,0,1,0
392,1857-1861,5,PSEUDO_DRIFT,0/5,0.0,0.6200000047683716,PSEUDO_DRIFT,PSEUDO_DRIFT,PSEUDO_DRIFT,0,0,1,0,390,0,0,1,0
393,1862-1866,5,PSEUDO_DRIFT,0/5,0.0,0.5879999995231628,PSEUDO_DRIFT,PSEUDO_DRIFT,PSEUDO_DRIFT,0,0,1,0,390,0,0,1,0
394,1867-1871,5,PSEUDO_DRIFT,0/5,0.0,0.6119999885559082,PSEUDO_DRIFT,PSEUDO_DRIFT,PSEUDO_DRIFT,0,0,1,0,390,0,0,1,0
395,1872-1876,5,PSEUDO_DRIFT,0/5,0.0,0.6240000128746033,PSEUDO_DRIFT,PSEUDO_DRIFT,PSEUDO_DRIFT,0,0,1,0,390,0,0,1,0
396,1877-1881,5,PSEUDO_DRIFT,0/5,0.0,0.671999990940094,PSEUDO_DRIFT,PSEUDO_DRIFT,PSEUDO_DRIFT,0,0,1,0,390,0,0,1,0
397,1882-1886,5,PSEUDO_DRIFT,0/5,0.0,0.5680000185966492,PSEUDO_DRIFT,PSEUDO_DRIFT,PSEUDO_DRIFT,0,0,1,0,390,0,0,1,0
398,1887-1891,5,PSEUDO_DRIFT,0/5,0.0,0.6639999747276306,PSEUDO_DRIFT,PSEUDO_DRIFT,PSEUDO_DRIFT,0,0,1,0,390,0,0,1,0
399,1892-1896,5,PSEUDO_DRIFT,0/5,0.0,0.6480000019073486,PSEUDO_DRIFT,PSEUDO_DRIFT,PSEUDO_DRIFT,0,0,1,0,390,0,0,1,0
400,1897-1901,5,PSEUDO_DRIFT,0/5,0.0,0.6200000047683716,PSEUDO_DRIFT,PSEUDO_DRIFT,PSEUDO_DRIFT,0,0,1,0,390,0,0,1,0
401,1902-1906,5,PSEUDO_DRIFT,0/5,0.0,0.6079999804496765,PSEUDO_DRIFT,PSEUDO_DRIFT,PSEUDO_DRIFT,0,0,1,0,390,0,0,1,0
402,1907-1911,5,PSEUDO_DRIFT,0/5,0.0,0.656000018119812,PSEUDO_DRIFT,PSEUDO_DRIFT,PSEUDO_DRIFT,0,0,1,0,390,0,0,1,0
403,1912-1916,5,PSEUDO_DRIFT,0/5,0.0,0.6079999804496765,PSEUDO_DRIFT,PSEUDO_DRIFT,PSEUDO_DRIFT,0,0,1,0,390,0,0,1,0
404,1917-1921,5,PSEUDO_DRIFT,0/5,0.0,0.628000020980835,PSEUDO_DRIFT,PSEUDO_DRIFT,PSEUDO_DRIFT,0,0,1,0,390,0,0,1,0
405,1922-1926,5,PSEUDO_DRIFT,0/5,0.0,0.6639999747276306,PSEUDO_DRIFT,PSEUDO_DRIFT,PSEUDO_DRIFT,0,0,1,0,390,0,0,1,0
406,1927-1931,5,PSEUDO_DRIFT,0/5,0.0,0.5839999914169312,PSEUDO_DRIFT,PSEUDO_DRIFT,PSEUDO_DRIFT,0,0,1,0,405,0,0,1,0
407,1932-1936,5,PSEUDO_DRIFT,0/5,0.0,0.6359999775886536,PSEUDO_DRIFT,PSEUDO_DRIFT,PSEUDO_DRIFT,0,0,1,0,405,0,0,1,0
408,1937-1941,5,PSEUDO_DRIFT,0/5,0.0,0.6600000262260437,PSEUDO_DRIFT,PSEUDO_DRIFT,PSEUDO_DRIFT,0,0,1,0,405,0,0,1,0
409,1942-1946,5,PSEUDO_DRIFT,0/5,0.0,0.6240000128746033,PSEUDO_DRIFT,PSEUDO_DRIFT,PSEUDO_DRIFT,0,0,1,0,405,0,0,1,0
410,1947-1951,5,PSEUDO_DRIFT,0/5,0.0,0.6399999856948853,PSEUDO_DRIFT,PSEUDO_DRIFT,PSEUDO_DRIFT,0,0,1,0,405,0,0,1,0
411,1952-1956,5,PSEUDO_DRIFT,0/5,0.0,0.6000000238418579,PSEUDO_DRIFT,PSEUDO_DRIFT,PSEUDO_DRIFT,0,0,1,0,405,0,0,1,0
412,1957-1961,5,PSEUDO_DRIFT,0/5,0.0,0.7039999961853027,PSEUDO_DRIFT,PSEUDO_DRIFT,PSEUDO_DRIFT,0,0,1,0,405,0,0,1,0
413,1962-1966,5,PSEUDO_DRIFT,0/5,0.0,0.6119999885559082,PSEUDO_DRIFT,PSEUDO_DRIFT,PSEUDO_DRIFT,0,0,1,0,405,0,0,1,0
414,1967-1971,5,PSEUDO_DRIFT,0/5,0.0,0.628000020980835,PSEUDO_DRIFT,PSEUDO_DRIFT,PSEUDO_DRIFT,0,0,1,0,405,0,0,1,0
415,1972-1976,5,PSEUDO_DRIFT,0/5,0.0,0.5839999914169312,PSEUDO_DRIFT,PSEUDO_DRIFT,PSEUDO_DRIFT,0,0,1,0,405,0,0,1,0
416,1977-1981,5,PSEUDO_DRIFT,0/5,0.0,0.6639999747276306,PSEUDO_DRIFT,PSEUDO_DRIFT,PSEUDO_DRIFT,0,0,1,0,405,0,0,1,0
417,1982-1986,5,PSEUDO_DRIFT,0/5,0.0,0.6320000290870667,PSEUDO_DRIFT,PSEUDO_DRIFT,PSEUDO_DRIFT,0,0,1,0,405,0,0,1,0
418,1987-1991,5,PSEUDO_DRIFT,0/5,0.0,0.6399999856948853,PSEUDO_DRIFT,PSEUDO_DRIFT,PSEUDO_DRIFT,0,0,1,0,405,0,0,1,0
419,1992-1996,5,PSEUDO_DRIFT,0/5,0.0,0.6200000047683716,PSEUDO_DRIFT,PSEUDO_DRIFT,PSEUDO_DRIFT,0,0,1,0,405,0,0,1,0
420,1997-2001,5,PSEUDO_DRIFT,0/5,0.0,0.5879999995231628,PSEUDO_DRIFT,PSEUDO_DRIFT,PSEUDO_DRIFT,0,0,1,0,405,0,0,1,0
421,2002-2006,5,PSEUDO_DRIFT,0/5,0.0,0.5960000157356262,PSEUDO_DRIFT,PSEUDO_DRIFT,PSEUDO_DRIFT,0,0,1,0,420,0,0,1,0
422,2007-2011,5,PSEUDO_DRIFT,0/5,0.0,0.5680000185966492,PSEUDO_DRIFT,PSEUDO_DRIFT,PSEUDO_DRIFT,0,0,1,0,420,0,0,1,0
423,2012-2016,5,PSEUDO_DRIFT,0/5,0.0,0.6159999966621399,PSEUDO_DRIFT,PSEUDO_DRIFT,PSEUDO_DRIFT,0,0,1,0,420,0,0,1,0
424,2017-2021,5,PSEUDO_DRIFT,0/5,0.0,0.6359999775886536,PSEUDO_DRIFT,PSEUDO_DRIFT,PSEUDO_DRIFT,0,0,1,0,420,0,0,1,0
425,2022-2026,5,PSEUDO_DRIFT,0/5,0.0,0.7239999771118164,PSEUDO_DRIFT,PSEUDO_DRIFT,PSEUDO_DRIFT,0,0,1,0,420,0,0,1,0
426,2027-2031,5,PSEUDO_DRIFT,0/5,0.0,0.5920000076293945,PSEUDO_DRIFT,PSEUDO_DRIFT,PSEUDO_DRIFT,0,0,1,0,420,0,0,1,0
427,2032-2036,5,PSEUDO_DRIFT,0/5,0.0,0.5960000157356262,PSEUDO_DRIFT,PSEUDO_DRIFT,PSEUDO_DRIFT,0,0,1,0,420,0,0,1,0
428,2037-2041,5,PSEUDO_DRIFT,0/5,0.0,0.6039999723434448,PSEUDO_DRIFT,PSEUDO_DRIFT,PSEUDO_DRIFT,0,0,1,0,420,0,0,1,0
429,2042-2046,5,PSEUDO_DRIFT,0/5,0.0,0.6480000019073486,PSEUDO_DRIFT,PSEUDO_DRIFT,PSEUDO_DRIFT,0,0,1,0,420,0,0,1,0
430,2047-2051,5,PSEUDO_DRIFT,0/5,0.0,0.6480000019073486,PSEUDO_DRIFT,PSEUDO_DRIFT,PSEUDO_DRIFT,0,0,1,0,420,0,0,1,0
431,2052-2056,5,PSEUDO_DRIFT,0/5,0.0,0.6679999828338623,PSEUDO_DRIFT,PSEUDO_DRIFT,PSEUDO_DRIFT,0,0,1,0,420,0,0,1,0
432,2057-2061,5,PSEUDO_DRIFT,0/5,0.0,0.6000000238418579,PSEUDO_DRIFT,PSEUDO_DRIFT,PSEUDO_DRIFT,0,0,1,0,420,0,0,1,0
433,2062-2066,5,PSEUDO_DRIFT,0/5,0.0,0.7039999961853027,PSEUDO_DRIFT,PSEUDO_DRIFT,PSEUDO_DRIFT,0,0,1,0,420,0,0,1,0
434,2067-2071,5,PSEUDO_DRIFT,0/5,0.0,0.656000018119812,PSEUDO_DRIFT,PSEUDO_DRIFT,PSEUDO_DRIFT,0,0,1,0,420,0,0,1,0
435,2072-2076,5,PSEUDO_DRIFT,0/5,0.0,0.6359999775886536,PSEUDO_DRIFT,PSEUDO_DRIFT,PSEUDO_DRIFT,0,0,1,0,420,0,0,1,0
436,2077-2081,5,PSEUDO_DRIFT,0/5,0.0,0.6039999723434448,PSEUDO_DRIFT,PSEUDO_DRIFT,PSEUDO_DRIFT,0,0,1,0,435,0,0,1,0
437,2082-2086,5,PSEUDO_DRIFT,0/5,0.0,0.5960000157356262,PSEUDO_DRIFT,PSEUDO_DRIFT,PSEUDO_DRIFT,0,0,1,0,435,0,0,1,0
438,2087-2091,5,PSEUDO_DRIFT,0/5,0.0,0.6079999804496765,PSEUDO_DRIFT,PSEUDO_DRIFT,PSEUDO_DRIFT,0,0,1,0,435,0,0,1,0
439,2092-2096,5,PSEUDO_DRIFT,0/5,0.0,0.5920000076293945,PSEUDO_DRIFT,PSEUDO_DRIFT,PSEUDO_DRIFT,0,0,1,0,435,0,0,1,0
440,2097-2101,5,PSEUDO_DRIFT,0/5,0.0,0.628000020980835,PSEUDO_DRIFT,PSEUDO_DRIFT,PSEUDO_DRIFT,0,0,1,0,435,0,0,1,0
441,2102-2106,5,PSEUDO_DRIFT,0/5,0.0,0.6119999885559082,PSEUDO_DRIFT,PSEUDO_DRIFT,PSEUDO_DRIFT,0,0,1,0,435,0,0,1,0
442,2107-2111,5,PSEUDO_DRIFT,0/5,0.0,0.5720000267028809,PSEUDO_DRIFT,PSEUDO_DRIFT,PSEUDO_DRIFT,0,0,1,0,435,0,0,1,0
443,2112-2116,5,PSEUDO_DRIFT,0/5,0.0,0.6399999856948853,PSEUDO_DRIFT,PSEUDO_DRIFT,PSEUDO_DRIFT,0,0,1,0,435,0,0,1,0
444,2117-2121,5,PSEUDO_DRIFT,0/5,0.0,0.6079999804496765,PSEUDO_DRIFT,PSEUDO_DRIFT,PSEUDO_DRIFT,0,0,1,0,435,0,0,1,0
445,2122-2126,5,PSEUDO_DRIFT,0/5,0.0,0.656000018119812,PSEUDO_DRIFT,PSEUDO_DRIFT,PSEUDO_DRIFT,0,0,1,0,435,0,0,1,0
446,2127-2131,5,PSEUDO_DRIFT,0/5,0.0,0.6200000047683716,PSEUDO_DRIFT,PSEUDO_DRIFT,PSEUDO_DRIFT,0,0,1,0,435,0,0,1,0
447,2132-2136,5,PSEUDO_DRIFT,0/5,0.0,0.6679999828338623,PSEUDO_DRIFT,PSEUDO_DRIFT,PSEUDO_DRIFT,0,0,1,0,435,0,0,1,0
448,2137-2141,5,PSEUDO_DRIFT,0/5,0.0,0.656000018119812,PSEUDO_DRIFT,PSEUDO_DRIFT,PSEUDO_DRIFT,0,0,1,0,435,0,0,1,0
449,2142-2146,5,PSEUDO_DRIFT,0/5,0.0,0.6320000290870667,PSEUDO_DRIFT,PSEUDO_DRIFT,PSEUDO_DRIFT,0,0,1,0,435,0,0,1,0
450,2147-2151,5,PSEUDO_DRIFT,0/5,0.0,0.6480000019073486,PSEUDO_DRIFT,PSEUDO_DRIFT,PSEUDO_DRIFT,0,0,1,0,435,0,0,1,0
451,2152-2156,5,PSEUDO_DRIFT,0/5,0.0,0.5960000157356262,PSEUDO_DRIFT,PSEUDO_DRIFT,PSEUDO_DRIFT,0,0,1,0,450,0,0,1,0
452,2157-2161,5,PSEUDO_DRIFT,0/5,0.0,0.5960000157356262,PSEUDO_DRIFT,PSEUDO_DRIFT,PSEUDO_DRIFT,0,0,1,0,450,0,0,1,0
453,2162-2166,5,PSEUDO_DRIFT,0/5,0.0,0.6439999938011169,PSEUDO_DRIFT,PSEUDO_DRIFT,PSEUDO_DRIFT,0,0,1,0,450,0,0,1,0
454,2167-2171,5,PSEUDO_DRIFT,0/5,0.0,0.6759999990463257,PSEUDO_DRIFT,PSEUDO_DRIFT,PSEUDO_DRIFT,0,0,1,0,450,0,0,1,0
455,2172-2176,5,PSEUDO_DRIFT,0/5,0.0,0.6200000047683716,PSEUDO_DRIFT,PSEUDO_DRIFT,PSEUDO_DRIFT,0,0,1,0,450,0,0,1,0
456,2177-2181,5,PSEUDO_DRIFT,0/5,0.0,0.6320000290870667,PSEUDO_DRIFT,PSEUDO_DRIFT,PSEUDO_DRIFT,0,0,1,0,450,0,0,1,0
457,2182-2186,5,PSEUDO_DRIFT,0/5,0.0,0.628000020980835,PSEUDO_DRIFT,PSEUDO_DRIFT,PSEUDO_DRIFT,0,0,1,0,450,0,0,1,0
458,2187-2191,5,PSEUDO_DRIFT,0/5,0.0,0.6439999938011169,PSEUDO_DRIFT,PSEUDO_DRIFT,PSEUDO_DRIFT,0,0,1,0,450,0,0,1,0
459,2192-2196,5,PSEUDO_DRIFT,0/5,0.0,0.6800000071525574,PSEUDO_DRIFT,PSEUDO_DRIFT,PSEUDO_DRIFT,0,0,1,0,450,0,0,1,0
460,2197-2201,5,PSEUDO_DRIFT,0/5,0.0,0.6399999856948853,PSEUDO_DRIFT,PSEUDO_DRIFT,PSEUDO_DRIFT,0,0,1,0,450,0,0,1,0
461,2202-2206,5,PSEUDO_DRIFT,0/5,0.0,0.6480000019073486,PSEUDO_DRIFT,PSEUDO_DRIFT,PSEUDO_DRIFT,0,0,1,0,450,0,0,1,0
462,2207-2211,5,PSEUDO_DRIFT,0/5,0.0,0.5960000157356262,PSEUDO_DRIFT,PSEUDO_DRIFT,PSEUDO_DRIFT,0,0,1,0,450,0,0,1,0
463,2212-2216,5,PSEUDO_DRIFT,0/5,0.0,0.5879999995231628,PSEUDO_DRIFT,PSEUDO_DRIFT,PSEUDO_DRIFT,0,0,1,0,450,0,0,1,0
464,2217-2221,5,PSEUDO_DRIFT,0/5,0.0,0.5920000076293945,PSEUDO_DRIFT,PSEUDO_DRIFT,PSEUDO_DRIFT,0,0,1,0,450,0,0,1,0
465,2222-2226,5,PSEUDO_DRIFT,0/5,0.0,0.6520000100135803,PSEUDO_DRIFT,PSEUDO_DRIFT,PSEUDO_DRIFT,0,0,1,0,450,0,0,1,0
466,2227-2231,5,PSEUDO_DRIFT,0/5,0.0,0.6119999885559082,PSEUDO_DRIFT,PSEUDO_DRIFT,PSEUDO_DRIFT,0,0,1,0,465,0,0,1,0
467,2232-2236,5,PSEUDO_DRIFT,0/5,0.0,0.6759999990463257,PSEUDO_DRIFT,PSEUDO_DRIFT,PSEUDO_DRIFT,0,0,1,0,465,0,0,1,0
468,2237-2241,5,PSEUDO_DRIFT,0/5,0.0,0.5920000076293945,PSEUDO_DRIFT,PSEUDO_DRIFT,PSEUDO_DRIFT,0,0,1,0,465,0,0,1,0
469,2242-2246,5,PSEUDO_DRIFT,0/5,0.0,0.5799999833106995,PSEUDO_DRIFT,PSEUDO_DRIFT,PSEUDO_DRIFT,0,0,1,0,465,0,0,1,0
470,2247-2251,5,PSEUDO_DRIFT,0/5,0.0,0.6600000262260437,PSEUDO_DRIFT,PSEUDO_DRIFT,PSEUDO_DRIFT,0,0,1,0,465,0,0,1,0
471,2252-2256,5,PSEUDO_DRIFT,0/5,0.0,0.5920000076293945,PSEUDO_DRIFT,PSEUDO_DRIFT,PSEUDO_DRIFT,0,0,1,0,465,0,0,1,0
472,2257-2261,5,PSEUDO_DRIFT,0/5,0.0,0.6520000100135803,PSEUDO_DRIFT,PSEUDO_DRIFT,PSEUDO_DRIFT,0,0,1,0,465,0,0,1,0
473,2262-2266,5,PSEUDO_DRIFT,0/5,0.0,0.6200000047683716,PSEUDO_DRIFT,PSEUDO_DRIFT,PSEUDO_DRIFT,0,0,1,0,465,0,0,1,0
474,2267-2271,5,PSEUDO_DRIFT,0/5,0.0,0.6679999828338623,PSEUDO_DRIFT,PSEUDO_DRIFT,PSEUDO_DRIFT,0,0,1,0,465,0,0,1,0
475,2272-2276,5,PSEUDO_DRIFT,0/5,0.0,0.5839999914169312,PSEUDO_DRIFT,PSEUDO_DRIFT,PSEUDO_DRIFT,0,0,1,0,465,0,0,1,0
476,2277-2281,5,PSEUDO_DRIFT,0/5,0.0,0.5799999833106995,PSEUDO_DRIFT,PSEUDO_DRIFT,PSEUDO_DRIFT,0,0,1,0,465,0,0,1,0
477,2282-2286,5,PSEUDO_DRIFT,0/5,0.0,0.6240000128746033,PSEUDO_DRIFT,PSEUDO_DRIFT,PSEUDO_DRIFT,0,0,1,0,465,0,0,1,0
478,2287-2291,5,PSEUDO_DRIFT,0/5,0.0,0.6480000019073486,PSEUDO_DRIFT,PSEUDO_DRIFT,PSEUDO_DRIFT,0,0,1,0,465,0,0,1,0
479,2292-2296,5,PSEUDO_DRIFT,0/5,0.0,0.6240000128746033,PSEUDO_DRIFT,PSEUDO_DRIFT,PSEUDO_DRIFT,0,0,1,0,465,0,0,1,0
480,2297-2301,5,PSEUDO_DRIFT,0/5,0.0,0.6639999747276306,PSEUDO_DRIFT,PSEUDO_DRIFT,PSEUDO_DRIFT,0,0,1,0,465,0,0,1,0
481,2302-2306,5,PSEUDO_DRIFT,0/5,0.0,0.6079999804496765,PSEUDO_DRIFT,PSEUDO_DRIFT,PSEUDO_DRIFT,0,0,1,0,480,0,0,1,0
482,2307-2311,5,PSEUDO_DRIFT,0/5,0.0,0.4720000028610229,PSEUDO_DRIFT,REAL_DRIFT,PSEUDO_DRIFT,0,0,0,1,480,0,0,0,1
483,2312-2316,5,PSEUDO_DRIFT,0/5,0.0,0.2000000029802322,PSEUDO_DRIFT,REAL_DRIFT,REAL_DRIFT,0,0,0,1,480,1,0,0,0
484,2317-2321,5,PSEUDO_DRIFT,0/5,0.0,0.5680000185966492,PSEUDO_DRIFT,PSEUDO_DRIFT,PSEUDO_DRIFT,0,0,1,0,480,0,0,1,0
485,2322-2326,5,PSEUDO_DRIFT,0/5,0.0,0.5080000162124634,PSEUDO_DRIFT,PSEUDO_DRIFT,PSEUDO_DRIFT,0,0,1,0,480,0,0,1,0
486,2327-2331,5,PSEUDO_DRIFT,0/5,0.0,0.2039999961853027,PSEUDO_DRIFT,REAL_DRIFT,REAL_DRIFT,0,0,0,1,480,1,0,0,0
487,2332-2336,5,PSEUDO_DRIFT,0/5,0.0,0.4440000057220459,PSEUDO_DRIFT,REAL_DRIFT,PSEUDO_DRIFT,0,0,0,1,480,0,0,0,1
488,2337-2341,5,PSEUDO_DRIFT,0/5,0.0,0.6439999938011169,PSEUDO_DRIFT,PSEUDO_DRIFT,PSEUDO_DRIFT,0,0,1,0,480,0,0,1,0
489,2342-2346,5,PSEUDO_DRIFT,0/5,0.0,0.2199999988079071,PSEUDO_DRIFT,REAL_DRIFT,REAL_DRIFT,0,0,0,1,480,1,0,0,0
490,2347-2351,5,PSEUDO_DRIFT,0/5,0.0,0.356000006198883,PSEUDO_DRIFT,REAL_DRIFT,PSEUDO_DRIFT,0,0,0,1,480,0,0,0,1
491,2352-2356,5,PSEUDO_DRIFT,0/5,0.0,0.6119999885559082,PSEUDO_DRIFT,PSEUDO_DRIFT,PSEUDO_DRIFT,0,0,1,0,480,0,0,1,0
492,2357-2361,5,PSEUDO_DRIFT,0/5,0.0,0.2960000038146972,PSEUDO_DRIFT,REAL_DRIFT,REAL_DRIFT,0,0,0,1,480,1,0,0,0
493,2362-2366,5,PSEUDO_DRIFT,0/5,0.0,0.2720000147819519,PSEUDO_DRIFT,REAL_DRIFT,REAL_DRIFT,0,0,0,1,480,1,0,0,0
494,2367-2371,5,PSEUDO_DRIFT,0/5,0.0,0.628000020980835,PSEUDO_DRIFT,PSEUDO_DRIFT,PSEUDO_DRIFT,0,0,1,0,480,0,0,1,0
495,2372-2376,5,PSEUDO_DRIFT,0/5,0.0,0.3199999928474426,PSEUDO_DRIFT,REAL_DRIFT,PSEUDO_DRIFT,0,0,0,1,480,0,0,0,1
496,2377-2381,5,PSEUDO_DRIFT,0/5,0.0,0.2080000042915344,PSEUDO_DRIFT,REAL_DRIFT,REAL_DRIFT,0,0,0,1,495,1,0,0,0
497,2382-2386,5,PSEUDO_DRIFT,0/5,0.0,0.6320000290870667,PSEUDO_DRIFT,PSEUDO_DRIFT,PSEUDO_DRIFT,0,0,1,0,495,0,0,1,0
498,2387-2391,5,PSEUDO_DRIFT,0/5,0.0,0.4519999921321869,PSEUDO_DRIFT,REAL_DRIFT,PSEUDO_DRIFT,0,0,0,1,495,0,0,0,1
499,2392-2396,5,PSEUDO_DRIFT,0/5,0.0,0.2240000069141388,PSEUDO_DRIFT,REAL_DRIFT,REAL_DRIFT,0,0,0,1,495,1,0,0,0
500,2397-2401,5,PSEUDO_DRIFT,0/5,0.0,0.5600000023841858,PSEUDO_DRIFT,PSEUDO_DRIFT,PSEUDO_DRIFT,0,0,1,0,495,0,0,1,0
501,2402-2406,5,PSEUDO_DRIFT,0/5,0.0,0.527999997138977,PSEUDO_DRIFT,PSEUDO_DRIFT,PSEUDO_DRIFT,0,0,1,0,495,0,0,1,0
502,2407-2411,5,REAL_DRIFT,4/1,0.8,0.2080000042915344,REAL_DRIFT,REAL_DRIFT,REAL_DRIFT,1,0,0,0,495,1,0,0,0
503,2412-2416,5,REAL_DRIFT,4/1,0.8,0.4679999947547912,REAL_DRIFT,REAL_DRIFT,PSEUDO_DRIFT,1,0,0,0,495,0,0,0,1
504,2417-2421,5,PSEUDO_DRIFT,0/5,0.0,0.6520000100135803,PSEUDO_DRIFT,PSEUDO_DRIFT,PSEUDO_DRIFT,0,0,1,0,495,0,0,1,0
505,2422-2426,5,REAL_DRIFT,3/2,0.6,0.2160000056028366,REAL_DRIFT,REAL_DRIFT,REAL_DRIFT,1,0,0,0,495,1,0,0,0
506,2427-2431,5,REAL_DRIFT,5/0,1.0,0.3680000007152557,REAL_DRIFT,REAL_DRIFT,PSEUDO_DRIFT,1,0,0,0,495,0,0,0,1
507,2432-2436,5,PSEUDO_DRIFT,0/5,0.0,0.6600000262260437,PSEUDO_DRIFT,PSEUDO_DRIFT,PSEUDO_DRIFT,0,0,1,0,495,0,0,1,0
508,2437-2441,5,PSEUDO_DRIFT,2/3,0.4,0.2840000092983246,PSEUDO_DRIFT,REAL_DRIFT,REAL_DRIFT,0,0,0,1,495,1,0,0,0
509,2442-2446,5,REAL_DRIFT,5/0,1.0,0.2919999957084656,REAL_DRIFT,REAL_DRIFT,REAL_DRIFT,1,0,0,0,495,1,0,0,0
510,2447-2451,5,PSEUDO_DRIFT,1/4,0.2,0.6000000238418579,PSEUDO_DRIFT,PSEUDO_DRIFT,PSEUDO_DRIFT,0,0,1,0,495,0,0,1,0
511,2452-2456,5,PSEUDO_DRIFT,1/4,0.2,0.3519999980926513,PSEUDO_DRIFT,REAL_DRIFT,PSEUDO_DRIFT,0,0,0,1,510,0,0,0,1
512,2457-2461,5,REAL_DRIFT,5/0,1.0,0.164000004529953,REAL_DRIFT,REAL_DRIFT,REAL_DRIFT,1,0,0,0,510,1,0,0,0
513,2462-2466,5,PSEUDO_DRIFT,2/3,0.4,0.6200000047683716,PSEUDO_DRIFT,PSEUDO_DRIFT,PSEUDO_DRIFT,0,0,1,0,510,0,0,1,0
514,2467-2471,5,PSEUDO_DRIFT,0/5,0.0,0.4679999947547912,PSEUDO_DRIFT,REAL_DRIFT,PSEUDO_DRIFT,0,0,0,1,510,0,0,0,1
515,2472-2476,5,REAL_DRIFT,5/0,1.0,0.2560000121593475,REAL_DRIFT,REAL_DRIFT,REAL_DRIFT,1,0,0,0,510,1,0,0,0
516,2477-2481,5,REAL_DRIFT,3/2,0.6,0.5080000162124634,REAL_DRIFT,PSEUDO_DRIFT,PSEUDO_DRIFT,0,1,0,0,510,0,0,1,0
517,2482-2486,5,PSEUDO_DRIFT,0/5,0.0,0.5040000081062317,PSEUDO_DRIFT,PSEUDO_DRIFT,PSEUDO_DRIFT,0,0,1,0,510,0,0,1,0
518,2487-2491,5,REAL_DRIFT,4/1,0.8,0.1599999964237213,REAL_DRIFT,REAL_DRIFT,REAL_DRIFT,1,0,0,0,510,1,0,0,0
519,2492-2496,5,REAL_DRIFT,4/1,0.8,0.4320000112056732,REAL_DRIFT,REAL_DRIFT,PSEUDO_DRIFT,1,0,0,0,510,0,0,0,1
520,2497-2501,5,PSEUDO_DRIFT,0/5,0.0,0.5960000157356262,PSEUDO_DRIFT,PSEUDO_DRIFT,PSEUDO_DRIFT,0,0,1,0,510,0,0,1,0
521,2502-2506,5,REAL_DRIFT,3/2,0.6,0.2280000001192093,REAL_DRIFT,REAL_DRIFT,REAL_DRIFT,1,0,0,0,510,1,0,0,0
522,2507-2511,5,REAL_DRIFT,5/0,1.0,0.3519999980926513,REAL_DRIFT,REAL_DRIFT,PSEUDO_DRIFT,1,0,0,0,510,0,0,0,1
523,2512-2516,5,PSEUDO_DRIFT,0/5,0.0,0.6480000019073486,PSEUDO_DRIFT,PSEUDO_DRIFT,PSEUDO_DRIFT,0,0,1,0,510,0,0,1,0
524,2517-2521,5,PSEUDO_DRIFT,2/3,0.4,0.2479999959468841,PSEUDO_DRIFT,REAL_DRIFT,REAL_DRIFT,0,0,0,1,510,1,0,0,0
525,2522-2526,5,REAL_DRIFT,5/0,1.0,0.2560000121593475,REAL_DRIFT,REAL_DRIFT,REAL_DRIFT,1,0,0,0,510,1,0,0,0
526,2527-2531,5,PSEUDO_DRIFT,1/4,0.2,0.6359999775886536,PSEUDO_DRIFT,PSEUDO_DRIFT,PSEUDO_DRIFT,0,0,1,0,525,0,0,1,0
527,2532-2536,5,PSEUDO_DRIFT,1/4,0.2,0.363999992609024,PSEUDO_DRIFT,REAL_DRIFT,PSEUDO_DRIFT,0,0,0,1,525,0,0,0,1
528,2537-2541,5,REAL_DRIFT,5/0,1.0,0.1800000071525573,REAL_DRIFT,REAL_DRIFT,REAL_DRIFT,1,0,0,0,525,1,0,0,0
529,2542-2546,5,PSEUDO_DRIFT,2/3,0.4,0.6480000019073486,PSEUDO_DRIFT,PSEUDO_DRIFT,PSEUDO_DRIFT,0,0,1,0,525,0,0,1,0
530,2547-2551,5,PSEUDO_DRIFT,0/5,0.0,0.4320000112056732,PSEUDO_DRIFT,REAL_DRIFT,PSEUDO_DRIFT,0,0,0,1,525,0,0,0,1
531,2552-2556,5,REAL_DRIFT,5/0,1.0,0.1879999935626983,REAL_DRIFT,REAL_DRIFT,REAL_DRIFT,1,0,0,0,525,1,0,0,0
532,2557-2561,5,REAL_DRIFT,3/2,0.6,0.5600000023841858,REAL_DRIFT,PSEUDO_DRIFT,PSEUDO_DRIFT,0,1,0,0,525,0,0,1,0
533,2562-2566,5,PSEUDO_DRIFT,0/5,0.0,0.5320000052452087,PSEUDO_DRIFT,PSEUDO_DRIFT,PSEUDO_DRIFT,0,0,1,0,525,0,0,1,0
534,2567-2571,5,REAL_DRIFT,4/1,0.8,0.2039999961853027,REAL_DRIFT,REAL_DRIFT,REAL_DRIFT,1,0,0,0,525,1,0,0,0
535,2572-2576,5,REAL_DRIFT,4/1,0.8,0.4399999976158142,REAL_DRIFT,REAL_DRIFT,PSEUDO_DRIFT,1,0,0,0,525,0,0,0,1
536,2577-2581,5,PSEUDO_DRIFT,0/5,0.0,0.5600000023841858,PSEUDO_DRIFT,PSEUDO_DRIFT,PSEUDO_DRIFT,0,0,1,0,525,0,0,1,0
537,2582-2586,5,REAL_DRIFT,3/2,0.6,0.1759999990463256,REAL_DRIFT,REAL_DRIFT,REAL_DRIFT,1,0,0,0,525,1,0,0,0
538,2587-2591,5,REAL_DRIFT,5/0,1.0,0.3720000088214874,REAL_DRIFT,REAL_DRIFT,PSEUDO_DRIFT,1,0,0,0,525,0,0,0,1
539,2592-2596,5,PSEUDO_DRIFT,0/5,0.0,0.6039999723434448,PSEUDO_DRIFT,PSEUDO_DRIFT,PSEUDO_DRIFT,0,0,1,0,525,0,0,1,0
540,2597-2601,5,PSEUDO_DRIFT,2/3,0.4,0.2919999957084656,PSEUDO_DRIFT,REAL_DRIFT,REAL_DRIFT,0,0,0,1,525,1,0,0,0
541,2602-2606,5,REAL_DRIFT,5/0,1.0,0.2800000011920929,REAL_DRIFT,REAL_DRIFT,REAL_DRIFT,1,0,0,0,540,1,0,0,0
542,2607-2611,5,PSEUDO_DRIFT,1/4,0.2,0.656000018119812,PSEUDO_DRIFT,PSEUDO_DRIFT,PSEUDO_DRIFT,0,0,1,0,540,0,0,1,0
543,2612-2616,5,PSEUDO_DRIFT,1/4,0.2,0.3799999952316284,PSEUDO_DRIFT,REAL_DRIFT,PSEUDO_DRIFT,0,0,0,1,540,0,0,0,1
544,2617-2621,5,REAL_DRIFT,5/0,1.0,0.2000000029802322,REAL_DRIFT,REAL_DRIFT,REAL_DRIFT,1,0,0,0,540,1,0,0,0
545,2622-2626,5,PSEUDO_DRIFT,2/3,0.4,0.6159999966621399,PSEUDO_DRIFT,PSEUDO_DRIFT,PSEUDO_DRIFT,0,0,1,0,540,0,0,1,0
546,2627-2631,5,PSEUDO_DRIFT,0/5,0.0,0.5239999890327454,PSEUDO_DRIFT,PSEUDO_DRIFT,PSEUDO_DRIFT,0,0,1,0,540,0,0,1,0
547,2632-2636,5,REAL_DRIFT,5/0,1.0,0.1759999990463256,REAL_DRIFT,REAL_DRIFT,REAL_DRIFT,1,0,0,0,540,1,0,0,0
548,2637-2641,5,REAL_DRIFT,3/2,0.6,0.5400000214576721,REAL_DRIFT,PSEUDO_DRIFT,PSEUDO_DRIFT,0,1,0,0,540,0,0,1,0
549,2642-2646,5,PSEUDO_DRIFT,0/5,0.0,0.5360000133514404,PSEUDO_DRIFT,PSEUDO_DRIFT,PSEUDO_DRIFT,0,0,1,0,540,0,0,1,0
550,2647-2651,5,REAL_DRIFT,4/1,0.8,0.2119999974966049,REAL_DRIFT,REAL_DRIFT,REAL_DRIFT,1,0,0,0,540,1,0,0,0
551,2652-2656,5,REAL_DRIFT,4/1,0.8,0.4600000083446502,REAL_DRIFT,REAL_DRIFT,PSEUDO_DRIFT,1,0,0,0,540,0,0,0,1
552,2657-2661,5,PSEUDO_DRIFT,0/5,0.0,0.656000018119812,PSEUDO_DRIFT,PSEUDO_DRIFT,PSEUDO_DRIFT,0,0,1,0,540,0,0,1,0
553,2662-2666,5,REAL_DRIFT,3/2,0.6,0.1720000058412552,REAL_DRIFT,REAL_DRIFT,REAL_DRIFT,1,0,0,0,540,1,0,0,0
554,2667-2671,5,REAL_DRIFT,5/0,1.0,0.328000009059906,REAL_DRIFT,REAL_DRIFT,REAL_DRIFT,1,0,0,0,540,1,0,0,0
555,2672-2676,5,PSEUDO_DRIFT,0/5,0.0,0.6359999775886536,PSEUDO_DRIFT,PSEUDO_DRIFT,PSEUDO_DRIFT,0,0,1,0,540,0,0,1,0
556,2677-2681,5,PSEUDO_DRIFT,2/3,0.4,0.2919999957084656,PSEUDO_DRIFT,REAL_DRIFT,REAL_DRIFT,0,0,0,1,555,1,0,0,0
557,2682-2686,5,REAL_DRIFT,5/0,1.0,0.3000000119209289,REAL_DRIFT,REAL_DRIFT,REAL_DRIFT,1,0,0,0,555,1,0,0,0
558,2687-2691,5,PSEUDO_DRIFT,1/4,0.2,0.6159999966621399,PSEUDO_DRIFT,PSEUDO_DRIFT,PSEUDO_DRIFT,0,0,1,0,555,0,0,1,0
559,2692-2696,5,PSEUDO_DRIFT,1/4,0.2,0.363999992609024,PSEUDO_DRIFT,REAL_DRIFT,PSEUDO_DRIFT,0,0,0,1,555,0,0,0,1
560,2697-2701,5,REAL_DRIFT,5/0,1.0,0.2119999974966049,REAL_DRIFT,REAL_DRIFT,REAL_DRIFT,1,0,0,0,555,1,0,0,0
561,2702-2706,5,PSEUDO_DRIFT,2/3,0.4,0.5879999995231628,PSEUDO_DRIFT,PSEUDO_DRIFT,PSEUDO_DRIFT,0,0,1,0,555,0,0,1,0
562,2707-2711,5,PSEUDO_DRIFT,0/5,0.0,0.4679999947547912,PSEUDO_DRIFT,REAL_DRIFT,PSEUDO_DRIFT,0,0,0,1,555,0,0,0,1
563,2712-2716,5,REAL_DRIFT,5/0,1.0,0.1959999948740005,REAL_DRIFT,REAL_DRIFT,REAL_DRIFT,1,0,0,0,555,1,0,0,0
564,2717-2721,5,REAL_DRIFT,3/2,0.6,0.5920000076293945,REAL_DRIFT,PSEUDO_DRIFT,PSEUDO_DRIFT,0,1,0,0,555,0,0,1,0
565,2722-2726,5,PSEUDO_DRIFT,0/5,0.0,0.5400000214576721,PSEUDO_DRIFT,PSEUDO_DRIFT,PSEUDO_DRIFT,0,0,1,0,555,0,0,1,0
566,2727-2731,5,REAL_DRIFT,4/1,0.8,0.1959999948740005,REAL_DRIFT,REAL_DRIFT,REAL_DRIFT,1,0,0,0,555,1,0,0,0
567,2732-2736,5,REAL_DRIFT,4/1,0.8,0.4679999947547912,REAL_DRIFT,REAL_DRIFT,PSEUDO_DRIFT,1,0,0,0,555,0,0,0,1
568,2737-2741,5,PSEUDO_DRIFT,0/5,0.0,0.5960000157356262,PSEUDO_DRIFT,PSEUDO_DRIFT,PSEUDO_DRIFT,0,0,1,0,555,0,0,1,0
569,2742-2746,5,REAL_DRIFT,3/2,0.6,0.2199999988079071,REAL_DRIFT,REAL_DRIFT,REAL_DRIFT,1,0,0,0,555,1,0,0,0
570,2747-2751,5,REAL_DRIFT,5/0,1.0,0.3880000114440918,REAL_DRIFT,REAL_DRIFT,PSEUDO_DRIFT,1,0,0,0,555,0,0,0,1
571,2752-2756,5,PSEUDO_DRIFT,0/5,0.0,0.671999990940094,PSEUDO_DRIFT,PSEUDO_DRIFT,PSEUDO_DRIFT,0,0,1,0,570,0,0,1,0
572,2757-2761,5,PSEUDO_DRIFT,2/3,0.4,0.2639999985694885,PSEUDO_DRIFT,REAL_DRIFT,REAL_DRIFT,0,0,0,1,570,1,0,0,0
573,2762-2766,5,REAL_DRIFT,5/0,1.0,0.3400000035762787,REAL_DRIFT,REAL_DRIFT,REAL_DRIFT,1,0,0,0,570,1,0,0,0
574,2767-2771,5,PSEUDO_DRIFT,1/4,0.2,0.6079999804496765,PSEUDO_DRIFT,PSEUDO_DRIFT,PSEUDO_DRIFT,0,0,1,0,570,0,0,1,0
575,2772-2776,5,PSEUDO_DRIFT,1/4,0.2,0.4079999923706054,PSEUDO_DRIFT,REAL_DRIFT,REAL_DRIFT,0,0,0,1,570,1,0,0,0
576,2777-2781,5,REAL_DRIFT,5/0,1.0,0.19200000166893,REAL_DRIFT,REAL_DRIFT,REAL_DRIFT,1,0,0,0,570,1,0,0,0
577,2782-2786,5,PSEUDO_DRIFT,2/3,0.4,0.6639999747276306,PSEUDO_DRIFT,PSEUDO_DRIFT,PSEUDO_DRIFT,0,0,1,0,570,0,0,1,0
578,2787-2791,5,PSEUDO_DRIFT,0/5,0.0,0.4679999947547912,PSEUDO_DRIFT,REAL_DRIFT,PSEUDO_DRIFT,0,0,0,1,570,0,0,0,1
579,2792-2796,5,REAL_DRIFT,5/0,1.0,0.1560000032186508,REAL_DRIFT,REAL_DRIFT,REAL_DRIFT,1,0,0,0,570,1,0,0,0
580,2797-2801,5,REAL_DRIFT,3/2,0.6,0.5400000214576721,REAL_DRIFT,PSEUDO_DRIFT,PSEUDO_DRIFT,0,1,0,0,570,0,0,1,0
581,2802-2806,5,PSEUDO_DRIFT,0/5,0.0,0.5199999809265137,PSEUDO_DRIFT,PSEUDO_DRIFT,PSEUDO_DRIFT,0,0,1,0,570,0,0,1,0
582,2807-2811,5,REAL_DRIFT,4/1,0.8,0.1720000058412552,REAL_DRIFT,REAL_DRIFT,REAL_DRIFT,1,0,0,0,570,1,0,0,0
583,2812-2816,5,REAL_DRIFT,4/1,0.8,0.4399999976158142,REAL_DRIFT,REAL_DRIFT,PSEUDO_DRIFT,1,0,0,0,570,0,0,0,1
584,2817-2821,5,PSEUDO_DRIFT,0/5,0.0,0.6320000290870667,PSEUDO_DRIFT,PSEUDO_DRIFT,PSEUDO_DRIFT,0,0,1,0,570,0,0,1,0
585,2822-2826,5,REAL_DRIFT,3/2,0.6,0.2319999933242797,REAL_DRIFT,REAL_DRIFT,REAL_DRIFT,1,0,0,0,570,1,0,0,0
586,2827-2831,5,REAL_DRIFT,5/0,1.0,0.3600000143051147,REAL_DRIFT,REAL_DRIFT,PSEUDO_DRIFT,1,0,0,0,585,0,0,0,1
587,2832-2836,5,PSEUDO_DRIFT,0/5,0.0,0.6480000019073486,PSEUDO_DRIFT,PSEUDO_DRIFT,PSEUDO_DRIFT,0,0,1,0,585,0,0,1,0
588,2837-2841,5,PSEUDO_DRIFT,2/3,0.4,0.2599999904632568,PSEUDO_DRIFT,REAL_DRIFT,REAL_DRIFT,0,0,0,1,585,1,0,0,0
589,2842-2846,5,REAL_DRIFT,5/0,1.0,0.2720000147819519,REAL_DRIFT,REAL_DRIFT,REAL_DRIFT,1,0,0,0,585,1,0,0,0
590,2847-2851,5,PSEUDO_DRIFT,1/4,0.2,0.6359999775886536,PSEUDO_DRIFT,PSEUDO_DRIFT,PSEUDO_DRIFT,0,0,1,0,585,0,0,1,0
591,2852-2856,5,PSEUDO_DRIFT,1/4,0.2,0.4160000085830688,PSEUDO_DRIFT,REAL_DRIFT,PSEUDO_DRIFT,0,0,0,1,585,0,0,0,1
592,2857-2861,5,REAL_DRIFT,5/0,1.0,0.2039999961853027,REAL_DRIFT,REAL_DRIFT,REAL_DRIFT,1,0,0,0,585,1,0,0,0
593,2862-2866,5,PSEUDO_DRIFT,2/3,0.4,0.6039999723434448,PSEUDO_DRIFT,PSEUDO_DRIFT,PSEUDO_DRIFT,0,0,1,0,585,0,0,1,0
594,2867-2871,5,PSEUDO_DRIFT,0/5,0.0,0.4720000028610229,PSEUDO_DRIFT,REAL_DRIFT,PSEUDO_DRIFT,0,0,0,1,585,0,0,0,1
595,2872-2876,5,REAL_DRIFT,5/0,1.0,0.2039999961853027,REAL_DRIFT,REAL_DRIFT,REAL_DRIFT,1,0,0,0,585,1,0,0,0
596,2877-2881,5,REAL_DRIFT,3/2,0.6,0.515999972820282,REAL_DRIFT,PSEUDO_DRIFT,PSEUDO_DRIFT,0,1,0,0,585,0,0,1,0
597,2882-2886,5,PSEUDO_DRIFT,0/5,0.0,0.5879999995231628,PSEUDO_DRIFT,PSEUDO_DRIFT,PSEUDO_DRIFT,0,0,1,0,585,0,0,1,0
598,2887-2891,5,REAL_DRIFT,4/1,0.8,0.2280000001192093,REAL_DRIFT,REAL_DRIFT,REAL_DRIFT,1,0,0,0,585,1,0,0,0
599,2892-2896,5,REAL_DRIFT,4/1,0.8,0.4519999921321869,REAL_DRIFT,REAL_DRIFT,PSEUDO_DRIFT,1,0,0,0,585,0,0,0,1
600,2897-2901,5,PSEUDO_DRIFT,0/5,0.0,0.5559999942779541,PSEUDO_DRIFT,PSEUDO_DRIFT,PSEUDO_DRIFT,0,0,1,0,585,0,0,1,0
601,2902-2906,5,REAL_DRIFT,3/2,0.6,0.2319999933242797,REAL_DRIFT,REAL_DRIFT,REAL_DRIFT,1,0,0,0,600,1,0,0,0
602,2907-2911,5,REAL_DRIFT,5/0,1.0,0.4199999868869781,REAL_DRIFT,REAL_DRIFT,PSEUDO_DRIFT,1,0,0,0,600,0,0,0,1
603,2912-2916,5,PSEUDO_DRIFT,0/5,0.0,0.5960000157356262,PSEUDO_DRIFT,PSEUDO_DRIFT,PSEUDO_DRIFT,0,0,1,0,600,0,0,1,0
604,2917-2921,5,PSEUDO_DRIFT,2/3,0.4,0.3079999983310699,PSEUDO_DRIFT,REAL_DRIFT,REAL_DRIFT,0,0,0,1,600,1,0,0,0
605,2922-2926,5,REAL_DRIFT,5/0,1.0,0.2520000040531158,REAL_DRIFT,REAL_DRIFT,REAL_DRIFT,1,0,0,0,600,1,0,0,0
606,2927-2931,5,PSEUDO_DRIFT,1/4,0.2,0.5920000076293945,PSEUDO_DRIFT,PSEUDO_DRIFT,PSEUDO_DRIFT,0,0,1,0,600,0,0,1,0
607,2932-2936,5,PSEUDO_DRIFT,1/4,0.2,0.3479999899864197,PSEUDO_DRIFT,REAL_DRIFT,PSEUDO_DRIFT,0,0,0,1,600,0,0,0,1
608,2937-2941,5,REAL_DRIFT,5/0,1.0,0.1679999977350235,REAL_DRIFT,REAL_DRIFT,REAL_DRIFT,1,0,0,0,600,1,0,0,0
609,2942-2946,5,PSEUDO_DRIFT,2/3,0.4,0.671999990940094,PSEUDO_DRIFT,PSEUDO_DRIFT,PSEUDO_DRIFT,0,0,1,0,600,0,0,1,0
610,2947-2951,5,PSEUDO_DRIFT,0/5,0.0,0.3959999978542328,PSEUDO_DRIFT,REAL_DRIFT,PSEUDO_DRIFT,0,0,0,1,600,0,0,0,1
611,2952-2956,5,REAL_DRIFT,5/0,1.0,0.2280000001192093,REAL_DRIFT,REAL_DRIFT,REAL_DRIFT,1,0,0,0,600,1,0,0,0
612,2957-2961,5,REAL_DRIFT,3/2,0.6,0.5559999942779541,REAL_DRIFT,PSEUDO_DRIFT,PSEUDO_DRIFT,0,1,0,0,600,0,0,1,0
613,2962-2966,5,PSEUDO_DRIFT,0/5,0.0,0.5440000295639038,PSEUDO_DRIFT,PSEUDO_DRIFT,PSEUDO_DRIFT,0,0,1,0,600,0,0,1,0
614,2967-2971,5,REAL_DRIFT,4/1,0.8,0.2399999946355819,REAL_DRIFT,REAL_DRIFT,REAL_DRIFT,1,0,0,0,600,1,0,0,0
615,2972-2976,5,REAL_DRIFT,4/1,0.8,0.4720000028610229,REAL_DRIFT,REAL_DRIFT,PSEUDO_DRIFT,1,0,0,0,600,0,0,0,1
616,2977-2981,5,PSEUDO_DRIFT,0/5,0.0,0.6639999747276306,PSEUDO_DRIFT,PSEUDO_DRIFT,PSEUDO_DRIFT,0,0,1,0,615,0,0,1,0
617,2982-2986,5,REAL_DRIFT,3/2,0.6,0.164000004529953,REAL_DRIFT,REAL_DRIFT,REAL_DRIFT,1,0,0,0,615,1,0,0,0
618,2987-2991,5,REAL_DRIFT,5/0,1.0,0.363999992609024,REAL_DRIFT,REAL_DRIFT,REAL_DRIFT,1,0,0,0,615,1,0,0,0
619,2992-2996,5,PSEUDO_DRIFT,0/5,0.0,0.628000020980835,PSEUDO_DRIFT,PSEUDO_DRIFT,PSEUDO_DRIFT,0,0,1,0,615,0,0,1,0
620,2997-3001,5,PSEUDO_DRIFT,2/3,0.4,0.2440000027418136,PSEUDO_DRIFT,REAL_DRIFT,REAL_DRIFT,0,0,0,1,615,1,0,0,0
621,3002-3006,5,REAL_DRIFT,5/0,1.0,0.2759999930858612,REAL_DRIFT,REAL_DRIFT,REAL_DRIFT,1,0,0,0,615,1,0,0,0
622,3007-3011,5,PSEUDO_DRIFT,1/4,0.2,0.6039999723434448,PSEUDO_DRIFT,PSEUDO_DRIFT,PSEUDO_DRIFT,0,0,1,0,615,0,0,1,0
623,3012-3016,5,PSEUDO_DRIFT,1/4,0.2,0.3120000064373016,PSEUDO_DRIFT,REAL_DRIFT,REAL_DRIFT,0,0,0,1,615,1,0,0,0
624,3017-3021,5,REAL_DRIFT,5/0,1.0,0.2080000042915344,REAL_DRIFT,REAL_DRIFT,REAL_DRIFT,1,0,0,0,615,1,0,0,0
625,3022-3026,5,PSEUDO_DRIFT,2/3,0.4,0.6200000047683716,PSEUDO_DRIFT,PSEUDO_DRIFT,PSEUDO_DRIFT,0,0,1,0,615,0,0,1,0
626,3027-3031,5,PSEUDO_DRIFT,0/5,0.0,0.4600000083446502,PSEUDO_DRIFT,REAL_DRIFT,PSEUDO_DRIFT,0,0,0,1,615,0,0,0,1
627,3032-3036,5,REAL_DRIFT,5/0,1.0,0.1959999948740005,REAL_DRIFT,REAL_DRIFT,REAL_DRIFT,1,0,0,0,615,1,0,0,0
628,3037-3041,5,REAL_DRIFT,3/2,0.6,0.5320000052452087,REAL_DRIFT,PSEUDO_DRIFT,PSEUDO_DRIFT,0,1,0,0,615,0,0,1,0
629,3042-3046,5,PSEUDO_DRIFT,0/5,0.0,0.5239999890327454,PSEUDO_DRIFT,PSEUDO_DRIFT,PSEUDO_DRIFT,0,0,1,0,615,0,0,1,0
630,3047-3051,5,REAL_DRIFT,4/1,0.8,0.1879999935626983,REAL_DRIFT,REAL_DRIFT,REAL_DRIFT,1,0,0,0,615,1,0,0,0
631,3052-3056,5,REAL_DRIFT,4/1,0.8,0.4160000085830688,REAL_DRIFT,REAL_DRIFT,PSEUDO_DRIFT,1,0,0,0,630,0,0,0,1
632,3057-3061,5,PSEUDO_DRIFT,0/5,0.0,0.6200000047683716,PSEUDO_DRIFT,PSEUDO_DRIFT,PSEUDO_DRIFT,0,0,1,0,630,0,0,1,0
633,3062-3066,5,REAL_DRIFT,3/2,0.6,0.2000000029802322,REAL_DRIFT,REAL_DRIFT,REAL_DRIFT,1,0,0,0,630,1,0,0,0
634,3067-3071,5,REAL_DRIFT,5/0,1.0,0.3319999873638153,REAL_DRIFT,REAL_DRIFT,PSEUDO_DRIFT,1,0,0,0,630,0,0,0,1
635,3072-3076,5,PSEUDO_DRIFT,0/5,0.0,0.6240000128746033,PSEUDO_DRIFT,PSEUDO_DRIFT,PSEUDO_DRIFT,0,0,1,0,630,0,0,1,0
636,3077-3081,5,PSEUDO_DRIFT,2/3,0.4,0.2960000038146972,PSEUDO_DRIFT,REAL_DRIFT,REAL_DRIFT,0,0,0,1,630,1,0,0,0
637,3082-3086,5,REAL_DRIFT,5/0,1.0,0.2759999930858612,REAL_DRIFT,REAL_DRIFT,REAL_DRIFT,1,0,0,0,630,1,0,0,0
638,3087-3091,5,PSEUDO_DRIFT,1/4,0.2,0.6639999747276306,PSEUDO_DRIFT,PSEUDO_DRIFT,PSEUDO_DRIFT,0,0,1,0,630,0,0,1,0
639,3092-3096,5,PSEUDO_DRIFT,1/4,0.2,0.363999992609024,PSEUDO_DRIFT,REAL_DRIFT,PSEUDO_DRIFT,0,0,0,1,630,0,0,0,1
640,3097-3101,5,REAL_DRIFT,5/0,1.0,0.2039999961853027,REAL_DRIFT,REAL_DRIFT,REAL_DRIFT,1,0,0,0,630,1,0,0,0
641,3102-3106,5,PSEUDO_DRIFT,2/3,0.4,0.6079999804496765,PSEUDO_DRIFT,PSEUDO_DRIFT,PSEUDO_DRIFT,0,0,1,0,630,0,0,1,0
642,3107-3111,5,PSEUDO_DRIFT,0/5,0.0,0.4760000109672546,PSEUDO_DRIFT,REAL_DRIFT,PSEUDO_DRIFT,0,0,0,1,630,0,0,0,1
643,3112-3116,5,REAL_DRIFT,5/0,1.0,0.164000004529953,REAL_DRIFT,REAL_DRIFT,REAL_DRIFT,1,0,0,0,630,1,0,0,0
644,3117-3121,5,REAL_DRIFT,3/2,0.6,0.527999997138977,REAL_DRIFT,PSEUDO_DRIFT,PSEUDO_DRIFT,0,1,0,0,630,0,0,1,0
645,3122-3126,5,PSEUDO_DRIFT,0/5,0.0,0.5720000267028809,PSEUDO_DRIFT,PSEUDO_DRIFT,PSEUDO_DRIFT,0,0,1,0,630,0,0,1,0
646,3127-3131,5,REAL_DRIFT,4/1,0.8,0.2000000029802322,REAL_DRIFT,REAL_DRIFT,REAL_DRIFT,1,0,0,0,645,1,0,0,0
647,3132-3136,5,REAL_DRIFT,4/1,0.8,0.492000013589859,REAL_DRIFT,REAL_DRIFT,PSEUDO_DRIFT,1,0,0,0,645,0,0,0,1
648,3137-3141,5,PSEUDO_DRIFT,0/5,0.0,0.6600000262260437,PSEUDO_DRIFT,PSEUDO_DRIFT,PSEUDO_DRIFT,0,0,1,0,645,0,0,1,0
649,3142-3146,5,REAL_DRIFT,3/2,0.6,0.2280000001192093,REAL_DRIFT,REAL_DRIFT,REAL_DRIFT,1,0,0,0,645,1,0,0,0
650,3147-3151,5,REAL_DRIFT,5/0,1.0,0.3479999899864197,REAL_DRIFT,REAL_DRIFT,PSEUDO_DRIFT,1,0,0,0,645,0,0,0,1
651,3152-3156,5,PSEUDO_DRIFT,0/5,0.0,0.6000000238418579,PSEUDO_DRIFT,PSEUDO_DRIFT,PSEUDO_DRIFT,0,0,1,0,645,0,0,1,0
652,3157-3161,5,PSEUDO_DRIFT,2/3,0.4,0.3319999873638153,PSEUDO_DRIFT,REAL_DRIFT,REAL_DRIFT,0,0,0,1,645,1,0,0,0
653,3162-3166,5,REAL_DRIFT,5/0,1.0,0.2680000066757202,REAL_DRIFT,REAL_DRIFT,REAL_DRIFT,1,0,0,0,645,1,0,0,0
654,3167-3171,5,PSEUDO_DRIFT,1/4,0.2,0.628000020980835,PSEUDO_DRIFT,PSEUDO_DRIFT,PSEUDO_DRIFT,0,0,1,0,645,0,0,1,0
655,3172-3176,5,PSEUDO_DRIFT,1/4,0.2,0.363999992609024,PSEUDO_DRIFT,REAL_DRIFT,PSEUDO_DRIFT,0,0,0,1,645,0,0,0,1
656,3177-3181,5,REAL_DRIFT,5/0,1.0,0.1800000071525573,REAL_DRIFT,REAL_DRIFT,REAL_DRIFT,1,0,0,0,645,1,0,0,0
657,3182-3186,5,PSEUDO_DRIFT,2/3,0.4,0.6320000290870667,PSEUDO_DRIFT,PSEUDO_DRIFT,PSEUDO_DRIFT,0,0,1,0,645,0,0,1,0
658,3187-3191,5,PSEUDO_DRIFT,0/5,0.0,0.4560000002384186,PSEUDO_DRIFT,REAL_DRIFT,PSEUDO_DRIFT,0,0,0,1,645,0,0,0,1
659,3192-3196,5,REAL_DRIFT,5/0,1.0,0.2039999961853027,REAL_DRIFT,REAL_DRIFT,REAL_DRIFT,1,0,0,0,645,1,0,0,0
660,3197-3201,5,REAL_DRIFT,3/2,0.6,0.5040000081062317,REAL_DRIFT,PSEUDO_DRIFT,PSEUDO_DRIFT,0,1,0,0,645,0,0,1,0
661,3202-3206,5,PSEUDO_DRIFT,0/5,0.0,0.5120000243186951,PSEUDO_DRIFT,PSEUDO_DRIFT,PSEUDO_DRIFT,0,0,1,0,660,0,0,1,0
662,3207-3211,5,REAL_DRIFT,4/1,0.8,0.1759999990463256,REAL_DRIFT,REAL_DRIFT,REAL_DRIFT,1,0,0,0,660,1,0,0,0
663,3212-3216,5,REAL_DRIFT,4/1,0.8,0.4679999947547912,REAL_DRIFT,REAL_DRIFT,PSEUDO_DRIFT,1,0,0,0,660,0,0,0,1
664,3217-3221,5,PSEUDO_DRIFT,0/5,0.0,0.6359999775886536,PSEUDO_DRIFT,PSEUDO_DRIFT,PSEUDO_DRIFT,0,0,1,0,660,0,0,1,0
665,3222-3226,5,REAL_DRIFT,3/2,0.6,0.2440000027418136,REAL_DRIFT,REAL_DRIFT,REAL_DRIFT,1,0,0,0,660,1,0,0,0
666,3227-3231,5,REAL_DRIFT,5/0,1.0,0.3440000116825104,REAL_DRIFT,REAL_DRIFT,PSEUDO_DRIFT,1,0,0,0,660,0,0,0,1
667,3232-3236,5,PSEUDO_DRIFT,0/5,0.0,0.5960000157356262,PSEUDO_DRIFT,PSEUDO_DRIFT,PSEUDO_DRIFT,0,0,1,0,660,0,0,1,0
668,3237-3241,5,PSEUDO_DRIFT,2/3,0.4,0.2759999930858612,PSEUDO_DRIFT,REAL_DRIFT,REAL_DRIFT,0,0,0,1,660,1,0,0,0
669,3242-3246,5,REAL_DRIFT,5/0,1.0,0.2560000121593475,REAL_DRIFT,REAL_DRIFT,REAL_DRIFT,1,0,0,0,660,1,0,0,0
670,3247-3251,5,PSEUDO_DRIFT,1/4,0.2,0.6480000019073486,PSEUDO_DRIFT,PSEUDO_DRIFT,PSEUDO_DRIFT,0,0,1,0,660,0,0,1,0
671,3252-3256,5,PSEUDO_DRIFT,1/4,0.2,0.4000000059604645,PSEUDO_DRIFT,REAL_DRIFT,PSEUDO_DRIFT,0,0,0,1,660,0,0,0,1
672,3257-3261,5,REAL_DRIFT,5/0,1.0,0.2280000001192093,REAL_DRIFT,REAL_DRIFT,REAL_DRIFT,1,0,0,0,660,1,0,0,0
673,3262-3266,5,PSEUDO_DRIFT,2/3,0.4,0.7039999961853027,PSEUDO_DRIFT,PSEUDO_DRIFT,PSEUDO_DRIFT,0,0,1,0,660,0,0,1,0
674,3267-3271,5,PSEUDO_DRIFT,0/5,0.0,0.4399999976158142,PSEUDO_DRIFT,REAL_DRIFT,PSEUDO_DRIFT,0,0,0,1,660,0,0,0,1
675,3272-3276,5,REAL_DRIFT,5/0,1.0,0.2240000069141388,REAL_DRIFT,REAL_DRIFT,REAL_DRIFT,1,0,0,0,660,1,0,0,0
676,3277-3281,5,REAL_DRIFT,3/2,0.6,0.5,REAL_DRIFT,REAL_DRIFT,PSEUDO_DRIFT,1,0,0,0,675,0,0,0,1
677,3282-3286,5,PSEUDO_DRIFT,0/5,0.0,0.492000013589859,PSEUDO_DRIFT,REAL_DRIFT,PSEUDO_DRIFT,0,0,0,1,675,0,0,0,1
678,3287-3291,5,REAL_DRIFT,4/1,0.8,0.1519999951124191,REAL_DRIFT,REAL_DRIFT,REAL_DRIFT,1,0,0,0,675,1,0,0,0
679,3292-3296,5,REAL_DRIFT,4/1,0.8,0.4320000112056732,REAL_DRIFT,REAL_DRIFT,PSEUDO_DRIFT,1,0,0,0,675,0,0,0,1
680,3297-3301,5,PSEUDO_DRIFT,0/5,0.0,0.628000020980835,PSEUDO_DRIFT,PSEUDO_DRIFT,PSEUDO_DRIFT,0,0,1,0,675,0,0,1,0
681,3302-3306,5,REAL_DRIFT,3/2,0.6,0.2160000056028366,REAL_DRIFT,REAL_DRIFT,REAL_DRIFT,1,0,0,0,675,1,0,0,0
682,3307-3311,5,REAL_DRIFT,5/0,1.0,0.3479999899864197,REAL_DRIFT,REAL_DRIFT,PSEUDO_DRIFT,1,0,0,0,675,0,0,0,1
683,3312-3316,5,PSEUDO_DRIFT,0/5,0.0,0.6399999856948853,PSEUDO_DRIFT,PSEUDO_DRIFT,PSEUDO_DRIFT,0,0,1,0,675,0,0,1,0
684,3317-3321,5,PSEUDO_DRIFT,2/3,0.4,0.2919999957084656,PSEUDO_DRIFT,REAL_DRIFT,REAL_DRIFT,0,0,0,1,675,1,0,0,0
685,3322-3326,5,REAL_DRIFT,5/0,1.0,0.2960000038146972,REAL_DRIFT,REAL_DRIFT,REAL_DRIFT,1,0,0,0,675,1,0,0,0
686,3327-3331,5,PSEUDO_DRIFT,1/4,0.2,0.6200000047683716,PSEUDO_DRIFT,PSEUDO_DRIFT,PSEUDO_DRIFT,0,0,1,0,675,0,0,1,0
687,3332-3336,5,PSEUDO_DRIFT,1/4,0.2,0.3759999871253967,PSEUDO_DRIFT,REAL_DRIFT,PSEUDO_DRIFT,0,0,0,1,675,0,0,0,1
688,3337-3341,5,REAL_DRIFT,5/0,1.0,0.1720000058412552,REAL_DRIFT,REAL_DRIFT,REAL_DRIFT,1,0,0,0,675,1,0,0,0
689,3342-3346,5,PSEUDO_DRIFT,2/3,0.4,0.6320000290870667,PSEUDO_DRIFT,PSEUDO_DRIFT,PSEUDO_DRIFT,0,0,1,0,675,0,0,1,0
690,3347-3351,5,PSEUDO_DRIFT,0/5,0.0,0.4799999892711639,PSEUDO_DRIFT,REAL_DRIFT,PSEUDO_DRIFT,0,0,0,1,675,0,0,0,1
691,3352-3356,5,REAL_DRIFT,5/0,1.0,0.1599999964237213,REAL_DRIFT,REAL_DRIFT,REAL_DRIFT,1,0,0,0,690,1,0,0,0
692,3357-3361,5,REAL_DRIFT,3/2,0.6,0.5199999809265137,REAL_DRIFT,PSEUDO_DRIFT,PSEUDO_DRIFT,0,1,0,0,690,0,0,1,0
693,3362-3366,5,PSEUDO_DRIFT,0/5,0.0,0.5559999942779541,PSEUDO_DRIFT,PSEUDO_DRIFT,PSEUDO_DRIFT,0,0,1,0,690,0,0,1,0
694,3367-3371,5,REAL_DRIFT,4/1,0.8,0.1959999948740005,REAL_DRIFT,REAL_DRIFT,REAL_DRIFT,1,0,0,0,690,1,0,0,0
695,3372-3376,5,REAL_DRIFT,4/1,0.8,0.4359999895095825,REAL_DRIFT,REAL_DRIFT,PSEUDO_DRIFT,1,0,0,0,690,0,0,0,1
696,3377-3381,5,PSEUDO_DRIFT,0/5,0.0,0.6320000290870667,PSEUDO_DRIFT,PSEUDO_DRIFT,PSEUDO_DRIFT,0,0,1,0,690,0,0,1,0
697,3382-3386,5,REAL_DRIFT,3/2,0.6,0.1879999935626983,REAL_DRIFT,REAL_DRIFT,REAL_DRIFT,1,0,0,0,690,1,0,0,0
698,3387-3391,5,REAL_DRIFT,5/0,1.0,0.363999992609024,REAL_DRIFT,REAL_DRIFT,PSEUDO_DRIFT,1,0,0,0,690,0,0,0,1
699,3392-3396,5,PSEUDO_DRIFT,0/5,0.0,0.6800000071525574,PSEUDO_DRIFT,PSEUDO_DRIFT,PSEUDO_DRIFT,0,0,1,0,690,0,0,1,0
700,3397-3401,5,PSEUDO_DRIFT,2/3,0.4,0.2879999876022339,PSEUDO_DRIFT,REAL_DRIFT,REAL_DRIFT,0,0,0,1,690,1,0,0,0
701,3402-3406,5,REAL_DRIFT,5/0,1.0,0.2399999946355819,REAL_DRIFT,REAL_DRIFT,REAL_DRIFT,1,0,0,0,690,1,0,0,0
702,3407-3411,5,PSEUDO_DRIFT,1/4,0.2,0.5960000157356262,PSEUDO_DRIFT,PSEUDO_DRIFT,PSEUDO_DRIFT,0,0,1,0,690,0,0,1,0
703,3412-3416,5,PSEUDO_DRIFT,1/4,0.2,0.3199999928474426,PSEUDO_DRIFT,REAL_DRIFT,PSEUDO_DRIFT,0,0,0,1,690,0,0,0,1
704,3417-3421,5,REAL_DRIFT,5/0,1.0,0.2080000042915344,REAL_DRIFT,REAL_DRIFT,REAL_DRIFT,1,0,0,0,690,1,0,0,0
705,3422-3426,5,PSEUDO_DRIFT,2/3,0.4,0.6520000100135803,PSEUDO_DRIFT,PSEUDO_DRIFT,PSEUDO_DRIFT,0,0,1,0,690,0,0,1,0
706,3427-3431,5,PSEUDO_DRIFT,0/5,0.0,0.3959999978542328,PSEUDO_DRIFT,REAL_DRIFT,PSEUDO_DRIFT,0,0,0,1,705,0,0,0,1
707,3432-3436,5,REAL_DRIFT,5/0,1.0,0.1959999948740005,REAL_DRIFT,REAL_DRIFT,REAL_DRIFT,1,0,0,0,705,1,0,0,0
708,3437-3441,5,REAL_DRIFT,3/2,0.6,0.5360000133514404,REAL_DRIFT,PSEUDO_DRIFT,PSEUDO_DRIFT,0,1,0,0,705,0,0,1,0
709,3442-3446,5,PSEUDO_DRIFT,0/5,0.0,0.5,PSEUDO_DRIFT,REAL_DRIFT,PSEUDO_DRIFT,0,0,0,1,705,0,0,0,1
710,3447-3451,5,REAL_DRIFT,4/1,0.8,0.1840000003576278,REAL_DRIFT,REAL_DRIFT,REAL_DRIFT,1,0,0,0,705,1,0,0,0
711,3452-3456,5,REAL_DRIFT,4/1,0.8,0.4399999976158142,REAL_DRIFT,REAL_DRIFT,PSEUDO_DRIFT,1,0,0,0,705,0,0,0,1
712,3457-3461,5,PSEUDO_DRIFT,0/5,0.0,0.6520000100135803,PSEUDO_DRIFT,PSEUDO_DRIFT,PSEUDO_DRIFT,0,0,1,0,705,0,0,1,0
713,3462-3466,5,REAL_DRIFT,3/2,0.6,0.2000000029802322,REAL_DRIFT,REAL_DRIFT,REAL_DRIFT,1,0,0,0,705,1,0,0,0
714,3467-3471,5,REAL_DRIFT,5/0,1.0,0.3919999897480011,REAL_DRIFT,REAL_DRIFT,PSEUDO_DRIFT,1,0,0,0,705,0,0,0,1
715,3472-3476,5,PSEUDO_DRIFT,0/5,0.0,0.5839999914169312,PSEUDO_DRIFT,PSEUDO_DRIFT,PSEUDO_DRIFT,0,0,1,0,705,0,0,1,0
716,3477-3481,5,PSEUDO_DRIFT,2/3,0.4,0.2800000011920929,PSEUDO_DRIFT,REAL_DRIFT,REAL_DRIFT,0,0,0,1,705,1,0,0,0
717,3482-3486,5,REAL_DRIFT,5/0,1.0,0.2879999876022339,REAL_DRIFT,REAL_DRIFT,REAL_DRIFT,1,0,0,0,705,1,0,0,0
718,3487-3491,5,PSEUDO_DRIFT,1/4,0.2,0.6480000019073486,PSEUDO_DRIFT,PSEUDO_DRIFT,PSEUDO_DRIFT,0,0,1,0,705,0,0,1,0
719,3492-3496,5,PSEUDO_DRIFT,1/4,0.2,0.3519999980926513,PSEUDO_DRIFT,REAL_DRIFT,PSEUDO_DRIFT,0,0,0,1,705,0,0,0,1
720,3497-3501,5,REAL_DRIFT,5/0,1.0,0.2119999974966049,REAL_DRIFT,REAL_DRIFT,REAL_DRIFT,1,0,0,0,705,1,0,0,0
